species;family;plant_functional_type;An;mesophyll_thickness;stomatal_conductance;substomatal_conc;compensation_point;ias_conductance;tau;gamma;error_ias_gradients;error_lateral_gradients;error_heterogeneity
Abies alba;Pinaceae;evergreen gymnosperms;7,985493550429317;362,71431568395406;0,1386300164689499;170,5991733643212;41,46698341000136;0,7267318364505144;0,4246057773305706;0,38151628844566154;15,979141305552593;11,479699874683776;2,234589931418646
Abies alba;Pinaceae;evergreen gymnosperms;6,553428228986722;488,46183468159785;0,1206593542747743;208,7055013275913;45,90507120061665;0,5601194444259732;0,38844442522434364;0,43083437104537425;14,736649333024722;10,626359879550467;2,054605561264623
Abies pinsapo;Pinaceae;evergreen gymnosperms;15,42686875950255;954,705500708791;0,0972238050465025;255,0586812904778;47,718100309996935;0,0964142520954137;1,6593359664854739;2,0167932216139093;139,7072060805959;80,09229261381492;11,6571064068796
Abies pinsapo;Pinaceae;evergreen gymnosperms;12,35659519271172;455,10601410598105;0,0668140936516345;158,5707388159046;46,62659278590797;0,1553967361933129;1,5536472348324133;0,859916305687631;77,53486209562179;49,984887186994435;8,77596035525113
Abies pinsapo;Pinaceae;evergreen gymnosperms;14,301040520832238;874,2934862623384;0,0689178932686895;239,3514495275137;40,67595036395447;0,1239346811407126;1,3346012658323347;1,112164773158882;84,19738806710926;52,86128642359361;8,749826017152962
Abies pinsapo;Pinaceae;evergreen gymnosperms;15,391478495295992;780,018974970328;0,1003156190569347;266,3278279129942;52,003317951855166;0,1514457997287561;1,1566304791882498;1,324772548814202;82,19341962502352;51,29987788299633;8,289067488240267
Acer mono;Sapindaceae;deciduous angiosperms;11,691863308950689;143,5845673464856;0,2023206848415932;181,29348782259737;31,9455844001052;1,050596777915927;0,3958990937366437;0,3851538270333125;14,660032469503557;10,572695759287198;2,0541835608207735
Acer palmatum;Sapindaceae;deciduous angiosperms;10,07463900261762;140,6120412749445;0,2120053449750895;254,78199251059343;38,6420456476917;0,7601089863932342;0,3575248171258976;0,5578288081583365;13,699172908669302;9,918253144662783;1,897506538950367
Acer rufinerve;Sapindaceae;deciduous angiosperms;5,440834524473184;234,2068623471836;0,0881415812148366;312,0198622933875;28,48537805534153;1,0889630198150448;0,18883890551541138;0,1618816793793549;4,278687201390323;3,266483363732778;0,5701783846086861
Arabidopsis thaliana;Brassicaceae;C3 annual herbaceous;10,078066716820922;122,71933063564283;0,243449732212851;294,6520771997007;53,85842694105699;1,0483805353597808;0,28638046747869883;0,4644300881250232;9,431036421963011;6,946462482476807;1,3151087919998452
Arabidopsis thaliana;Brassicaceae;C3 annual herbaceous;10,40991355249611;157,65113135779364;0,2509862137612276;281,8520718128115;45,25725950161443;1,6868380029552017;0,23040466479929317;0,2975818819845419;6,323608823659299;4,7416923889846565;0,8723891696964423
Arabidopsis thaliana;Brassicaceae;C3 annual herbaceous;17,492688433825023;423,2766683481569;0,1872920166009926;402,0965003998887;36,489384938944006;0,5497475583112621;0,42970312072497663;0,6813746192027634;18,85132416087361;13,426365462508967;2,5463257758492475
Arabidopsis thaliana;Brassicaceae;C3 annual herbaceous;9,024436308334932;54,51986039208606;0,0672020889110627;327,08522064354145;35,496607708479544;3,71524012291245;0,12943480944479963;0,036176444422322644;1,9021351800196291;1,5135229775818422;0,21481680492623603
Arabidopsis thaliana;Brassicaceae;C3 annual herbaceous;7,914332414931224;44,25335380713041;0,0726881630307023;306,1238485227722;38,35259459221722;1,9303305336264227;0,17589033478820282;0,07531162333545686;3,260903661089654;2,5104264300576205;0,4286130586829888
Arabidopsis thaliana;Brassicaceae;C3 annual herbaceous;4,918171744195255;37,93599590498937;0,0618376104942723;310,30262878975617;46,60871882825992;2,9956891405695614;0,11181793103707506;0,04128439740747954;1,715987431760193;1,390830430418613;0,1723568609678253
Arabidopsis thaliana;Brassicaceae;C3 annual herbaceous;2,96491412175913;55,06519480583062;0,0970240401703532;221,38437416085029;27,35993037229961;2,4433997715897977;0,11206970959833691;0,07941724583793713;1,9387634625300925;1,569968538613126;0,1943505029933968
Araucaria heterophylla;Araucariaceae;evergreen gymnosperms;5,660338566582728;557,8450938717405;0,0321901409854784;144,73530968629038;31,64483956014069;0,4384866826576578;0,4967534492247121;0,14682380222074107;11,947463048175576;8,667580710617353;1,781763694466692
Araucaria heterophylla;Araucariaceae;evergreen gymnosperms;6,027418856177107;515,29286976466;0,0377487816678314;270,16024045984847;35,009227833096496;0,8068900418987975;0,2547545892286744;0,09356611113702644;5,2744271251470725;3,950812100466005;0,759757303348394
Brassica napus;Brassicaceae;C3 annual herbaceous;10,853359846951264;416,0546243529169;0,0803477948468789;281,9965229746969;27,32066737910009;0,6462613965182958;0,37133536901366515;0,24865416774001672;11,719184263032528;8,53165550521589;1,6822783915558428
Brassica napus;Brassicaceae;C3 annual herbaceous;14,942471536643689;158,99843849682622;0,27310523094588;355,52380902356447;51,29785200350677;1,4375260020881164;0,26442212345531807;0,37996562225542185;8,11516511825694;6,015792556559165;1,1317870175255336
Brassica napus;Brassicaceae;C3 annual herbaceous;21,507329643404752;207,56762206571315;0,2751462916672554;217,776221831711;31,592331886644896;1,611963239500747;0,38786479714222716;0,3413803552399532;13,76511777482174;9,955403403626182;1,9427473851729116
Brassica napus;Brassicaceae;C3 annual herbaceous;19,305562917394177;126,48708861334744;0,2222063572959217;352,0977070859853;29,248047575350306;1,6144456788510655;0,27557689237807903;0,27527263407717356;8,126431078110722;6,017961371240387;1,1481312098050471
Bruguiera parviflora;Rhizophoraceae;evergreen angiosperms;10,426047719395624;318,3214247437352;0,1541405822617147;280,22544193779;42,491709036218765;0,8551369492679876;0,32584223540265533;0,36050502178314664;10,99035762496485;8,033170035167437;1,550512123358617
Castanopsis sieboldii;Fagaceae;evergreen angiosperms;5,330157159629342;149,7273055893296;0,096014714301806;123,68843199311372;39,30780347669586;2,1453392821848998;0,24507639316429414;0,08951005102001465;4,971086696516858;3,733334958973592;0,7119642075066343
Chamaecyparis obtusa;Cupressaceae;evergreen gymnosperms;3,930745283790515;657,9922287441325;0,0430642711908462;161,85305168419836;47,450181736527696;0,2201035730569256;0,5895371829256285;0,39130915134856487;23,641500455751867;16,636879133098994;3,22257412949266
Citrus limon;Rutaceae;evergreen angiosperms;13,13128345046095;291,37288808105274;0,1326121804667882;242,90865508435616;31,64355072881762;1,0984163127094348;0,34288860434799506;0,2414606901452095;10,521342079316481;7,696225575897569;1,5105627339273424
Citrus paradisi;Rutaceae;evergreen angiosperms;17,860963602987905;307,8990847291363;0,1817115522513191;244,30063905197133;36,88078317563837;0,8897531491773479;0,45465947180893174;0,4084538558123156;17,873281969049103;12,765023391808699;2,4755396169452633
Cucumis sativus;Cucurbitaceae;C3 annual herbaceous;21,179914960236417;71,96204304966146;0,3926736228578854;343,7261751760559;47,180016619809216;1,987397922528865;0,2713473110818449;0,395163563780149;8,497632319601149;6,28638115204304;1,1863394256768558
Cupressus sempervirens;Cupressaceae;evergreen gymnosperms;13,282106335166285;545,783671642718;0,1247832907087809;262,07625655987056;24,035289489138368;0,1409818475913766;1,0252954360765438;1,7702036516141313;81,67906255264671;50,56622133932878;7,943128122635246
Cupressus sempervirens;Cupressaceae;evergreen gymnosperms;7,780442711750652;340,6965091173452;0,1109858231051794;215,3767577240965;46,0842927165334;0,133766768725262;0,9365901189661714;1,659393049003502;71,35148307654707;45,045498211222736;7,243930594309743
Cycas revoluta;Cycadaceae;evergreen gymnosperms;4,182605104871455;247,81361828407483;0,0226781799317026;234,6574745697516;38,41035584917784;0,8829825400215757;0,22149513184088077;0,05136722166929475;3,5336777043085954;2,677361010922672;0,5010953364337126
Cycas revoluta;Cycadaceae;evergreen gymnosperms;3,0451384722940253;272,28640138747727;0,0253037903380517;233,53334355753336;36,36934761290465;0,7756961120749128;0,2008825162694845;0,06524150358409425;3,5804728992839863;2,728619455889849;0,49256632583027976
Cypripedium flavum;Orchidaceae;C3 perennial herbaceous;12,378640744968305;261,5920674821651;0,260533324772787;327,6929203517077;18,59999198252453;1,2327843804456238;0,2576869076540888;0,42267460377557686;7,906130105357672;5,869512531761755;1,0967709209466845
Cypripedium tibeticum;Orchidaceae;C3 perennial herbaceous;7,755344005283764;147,2637599837238;0,1370844336342322;207,5740917145082;25,00526776227664;1,0440893766524195;0,289179343979458;0,2625913771362277;8,574702566043117;6,3339021459391445;1,2181351217127951
Cypripedium yunnanense;Orchidaceae;C3 perennial herbaceous;12,0669128594131;271,7027702848952;0,2683429200439953;259,67471713231964;47,48067576545865;1,081059204632093;0,3301523675654811;0,49644444798991;11,952295017853578;8,705826402467352;1,6651583748623957
Ephedra minuta;Ephedraceae;evergreen gymnosperms;5,036460631919913;519,9559170637453;0,0211464303055277;177,07192133978285;37,31773208995547;0,4800681181759224;0,3974374832286578;0,08809762408666567;7,437451051279645;5,471276049159718;1,1284698047681236
Ephedra minuta;Ephedraceae;evergreen gymnosperms;4,323337702517763;400,26591193469767;0,026148403801826;174,80349702445722;37,99002849280609;0,3489573106137769;0,4388477637983622;0,14986591772978694;11,010911717708417;8,014832604204713;1,6317856357584737
Fallopia japonica;Polygonaceae;C3 perennial herbaceous;8,104420655199078;213,95392327896408;0,2238552568246959;391,2077450576468;42,69969158538615;2,315437228522309;0,14220178902856043;0,19335895101553524;2,9212208365015253;2,2941737073664275;0,3442730110547834
Fraxinus ornus;Oleaceae;deciduous angiosperms;7,899518198668969;49,83972671163649;0,0956668761572557;211,7228771821948;47,18340813722714;5,185840276158821;0,13649337893082045;0,03689541947409019;2,005948015126369;1,5866930686650125;0,23428444792624759
Gossypium barbadense;Malvaceae;C3 perennial herbaceous;34,95205166357819;136,15043638136524;0,2649272578777422;196,3832378302305;50,14045855967317;1,463159758720436;0,6046159415239841;0,36213032281509255;23,345725699486437;16,447392594915268;3,204919452704732
Gossypium barbadense;Malvaceae;C3 perennial herbaceous;34,94058384792651;160,56426200813448;0,1770953661096221;304,3518812019117;50,387095825392194;1,4118284744846938;0,4563331607638137;0,2508737701642694;14,819198420611738;10,674664656752096;2,123388853542257
Gossypium barbadense;Malvaceae;C3 perennial herbaceous;42,71272238636506;121,71840187392856;0,2303765612748999;361,07015039213206;41,44619789715375;1,5561518619792574;0,4266690592225401;0,2960849347722217;14,72622075364307;10,617321819869847;2,091230224509295
Gossypium barbadense;Malvaceae;C3 perennial herbaceous;27,392659644073102;258,11022866408985;0,2785786226105288;309,2743999866648;33,9001063169036;0,7700813138947352;0,5312267211373464;0,7235044341008606;26,10575881946999;18,22790921391187;3,4012086943908724
Gossypium hirsutum;Malvaceae;C3 perennial herbaceous;58,19493175426223;253,81313656396597;0,4583742299311583;337,5270969880272;33,26730463687223;1,670144579848769;0,4976385237180453;0,5489036523684242;22,077695755122356;15,58474632650794;2,9674315154316684
Gossypium hirsutum;Malvaceae;C3 perennial herbaceous;51,59504728104126;308,6949705251787;0,1948909168359645;441,4526196524451;33,75237295931628;1,091705781482437;0,5009128452678921;0,3570392685313444;19,084440235187955;13,587225788005089;2,653484100768714
Gossypium hirsutum;Malvaceae;C3 perennial herbaceous;33,95596657704927;161,01990341036475;0,3921804849212197;327,18582937779985;33,42352890052767;1,4831470565316571;0,40535837761270493;0,5288490890961746;16,456117554602262;11,80229358615236;2,263676516695982
Gossypium hirsutum;Malvaceae;C3 perennial herbaceous;39,0634795694036;308,4618135022905;0,4540452327573432;239,33599234100137;33,40785542177056;0,9484891206486716;0,6778299203338364;0,9574073605542712;39,46920917232316;26,67503616016122;4,755245819214586
Gossypium hirsutum;Malvaceae;C3 perennial herbaceous;40,02822595998178;310,6279616024732;0,4889047542826427;229,0658322419399;37,90355745377154;0,9577652755885244;0,7134746692567184;1,020928126637755;43,04238086707085;28,859902717169007;5,083690061681336
Gossypium hirsutum;Malvaceae;C3 perennial herbaceous;33,82052038509707;311,4137903238869;0,4728308014810689;378,9388822551244;40,73020104229688;1,3215260298959082;0,39911051186472274;0,7155830317141949;17,115243572150355;12,243842761531994;2,3187315560925823
Helianthus annuus;Asteraceae;C3 annual herbaceous;11,526311852045628;171,4367878617997;0,1640824394280308;431,6767235211609;49,1999657536383;1,472063948935868;0,20373487129242487;0,22292841224274723;5,000050296353198;3,7914188209684743;0,6762620211090427
Juglans nigra x regia;Juglandaceae;deciduous angiosperms;18,306050087756983;153,25362619759494;0,2653602134355749;368,0015092173703;43,558460783959895;1,1014054761163017;0,32565492106136856;0,48185744340271375;11,643344341779454;8,490713764949994;1,624068396064363
Juniperus oxycedrus;Cupressaceae;evergreen gymnosperms;5,654098411367104;243,40799553782463;0,0464784783212915;276,68683136838007;33,32219499185998;0,4220661008105414;0,3380072289338681;0,22024265029593043;10,02465416959916;7,344814182839134;1,4439289850865689
Ligustrum vulgare;Oleaceae;deciduous angiosperms;3,897916931660369;91,16283688043772;0,056196953209176;145,8232133763075;44,02052755888521;2,1030178089790126;0,19198627636441876;0,05344410586466586;3,1688324626358138;2,424572317926647;0,4313787590130059
Macadamia integrifolia;Proteaceae;evergreen angiosperms;10,79609205836455;214,55620678272737;0,0924120434661148;219,56922203536536;43,44699215356821;1,3198334814894042;0,30957429507394096;0,14003591326055734;7,645040679386226;5,650992469244486;1,114764864231836
Macrozamia riedlei;Zamiaceae;evergreen gymnosperms;6,6924991668674;285,8822321105289;0,0394112207701869;135,62406724958996;44,38886014714404;0,5964722388946967;0,5172119482171743;0,13214771183054067;11,475636606335062;8,333992684666356;1,727623055618147
Macrozamia riedlei;Zamiaceae;evergreen gymnosperms;7,019376433468827;325,85058790333403;0,0306015004495848;191,9971160501564;47,40894558842128;0,5253367716811714;0,44360847352630506;0,1165024117830341;9,553941153930506;6,980478166032068;1,4391607594427542
Metasequoia glyptostroboides;Cupressaceae;deciduous gymnosperms;6,656806221282456;222,197221437593;0,0851821605680468;281,20353809129114;42,92446416676939;1,297999257936208;0,2089725551934684;0,13125147806861565;4,672456181526981;3,5408917748798734;0,642070820726301
Metasequoia glyptostroboides;Cupressaceae;deciduous gymnosperms;9,60567421088847;241,82914716809464;0,0926176584590097;320,7656234141048;47,58728695639012;0,8668716332085139;0,28873046466235075;0,2136825220966293;8,113220420901959;6,001638716297515;1,1598206463102967
Nicotiana sylvestris;Solanaceae;C3 annual herbaceous;10,250092188685397;204,4181253032569;0,1755768195621778;309,7005220104957;36,73078589874133;1,03120219054893;0,27318445012727677;0,340528406885394;8,372765439374406;6,196261436791566;1,1747288623190362
Nicotiana tabacum;Solanaceae;C3 annual herbaceous;16,656377620492584;141,7320669233132;0,1276198428231023;313,053051625528;43,67285597973835;1,2319818341431756;0,322223039094679;0,20717812436229618;9,267764428416884;6,811663966137572;1,3353477243853729
Nicotiana tabacum;Solanaceae;C3 annual herbaceous;10,278443591054376;162,19470245051374;0,4251429930479297;443,1274685578091;55,211583063809584;1,7990407365612089;0,17247296608689885;0,47263298090800626;4,1779765632852826;3,2092401945410565;0,5295000103858513
Olea europaea;Oleaceae;evergreen angiosperms;10,994144586552116;278,5784565798029;0,0440917295332624;211,4920051953953;30,874263923603017;2,0432843989794334;0,24653991492733107;0,043157701938393946;3,4911450648462115;2,6311672580628014;0,5089795568827603
Oryza alta;Poaceae;C3 perennial herbaceous;17,741984936475745;66,95201150956706;0,2721365545071097;373,2347472757352;22,14908322889425;3,0704647409161243;0,18242906350314886;0,17726082366665658;4,14228245500665;3,1710051304412517;0,5453149333066186
Oryza australiensis;Poaceae;C3 perennial herbaceous;15,12485657353412;69,8724916056379;0,2755548006003679;247,87235284270992;27,196737698882654;1,1511744004199551;0,35207268848836715;0,47873684560713636;13,008644148727416;9,44110259224891;1,8147486379401985
Oryza australiensis;Poaceae;C3 perennial herbaceous;23,691998261580363;100,71293832873108;0,2579929337860003;153,8825355183266;38,37777167325813;2,4819407212269637;0,4181003648302797;0,2078961286863127;12,438288322217273;9,024292830128832;1,8045930866110127
Oryza australiensis;Poaceae;C3 perennial herbaceous;19,79591407887992;80,70890126566736;0,1268129358876492;220,1466054098105;29,472118291469727;2,0682212226590044;0,3222523253229242;0,12262995321613845;7,523454614010043;5,556719542169239;1,1061090132582863
Oryza barthii;Poaceae;C3 annual herbaceous;19,57080413008113;81,36678035695365;0,2666694998637107;219,29659041974304;46,149933807537735;2,398465762335263;0,3119104703957599;0,22236673464462403;9,092559519546482;6,691523520126721;1,3044339130729194
Oryza brachyantha;Poaceae;C3 annual herbaceous;8,84305374540099;40,45385985829096;0,1173698590037103;287,7409621412604;37,49532021484889;2,324744236547724;0,17524644895836133;0,10097442734432249;3,5076462972262368;2,6991856421519826;0,45871036835824974
Oryza coarctata;Poaceae;C3 perennial herbaceous;8,283216158404441;113,04042060388544;0,0898727317678575;385,3053242920618;26,917288410526808;1,6790311906783404;0,1666858898800324;0,10705308188056743;3,322119212375637;2,568919042890427;0,42537462931394454
Oryza glaberrima;Poaceae;C3 annual herbaceous;22,457950792271877;86,40414315678069;0,1355943964388934;238,18231993296263;46,70980113128756;2,4465044597800816;0,31468696132053964;0,11084745494482531;7,013362684856501;5,190530515409058;1,032804329878126
Oryza glaberrima;Poaceae;C3 annual herbaceous;30,465946123437977;52,92348106215549;0,1776084177875563;192,8415240027676;37,34410317121097;2,563901232562724;0,4011812649738181;0,13854544436567817;9,780185182932236;7,149849501317475;1,450801417880466
Oryza glumaepatula;Poaceae;C3 perennial herbaceous;35,29283146445312;56,50944884997336;0,3484499895402162;318,3285082877137;40,113089850275365;3,2368209245826813;0,28367745657993204;0,21530384142900422;7,952721888586678;5,888283339388104;1,1347945126458003
Oryza glumaepatula;Poaceae;C3 perennial herbaceous;20,727213848532063;59,02961429644756;0,3236254176525208;239,0906034966989;23,663651214289526;4,463081547890394;0,20914630830270978;0,1450233047189074;4,792625832192635;3,6304272033139884;0,6575659685820539
Oryza latifolia;Poaceae;C3 perennial herbaceous;19,03488452140915;103,73313098296488;0,1750717518777142;265,4876298875848;28,14550534893004;2,3096827614292805;0,26661621836648725;0,1515980937307391;6,6295691044300415;4,937560704248341;0,9491895738074095
Oryza longistaminata;Poaceae;C3 perennial herbaceous;23,183477202284266;79,29210311867833;0,2521127077182713;325,49698323104724;38,20193636436923;2,446334009772681;0,25970951602085524;0,20611470609583538;6,993079429775722;5,207723118915118;0,9898625534876561
Oryza meridionalis;Poaceae;C3 annual herbaceous;19,16240795589393;63,51426293934136;0,2800279041117769;359,26272704672874;34,855650727631804;3,156696327959485;0,19466857237265342;0,1774183355120442;4,5282689919305374;3,447845264792205;0,6077795534068738
Oryza meridionalis;Poaceae;C3 annual herbaceous;25,46144896917489;56,267207486344525;0,3018797272677475;239,94249472736948;38,24310393637438;1,4346598139466251;0,43220510242256865;0,42083806116699185;16,85659774023102;12,07934306877619;2,3411135021515492
Oryza minuta;Poaceae;C3 perennial herbaceous;11,55434383573786;59,60475598518296;0,1701981633308989;300,3568641008073;38,95028606910091;1,828813547942326;0,22164496646354817;0,18612959590374417;5,4962079746492085;4,1403741468707524;0,7603914309061454
Oryza nivara;Poaceae;C3 annual herbaceous;10,813847856957144;46,880076899281576;0,1803435759031368;343,0590081178537;47,907343982462486;2,8274592169620463;0,16168186837563928;0,12756581939095576;3,310496240329911;2,565890452937472;0,417969705786869
Oryza officinalis;Poaceae;C3 perennial herbaceous;18,796047997471327;55,11484316780243;0,2961460624011378;345,05578765725846;36,48460116888761;2,254999112292272;0,2345449251630659;0,2626573649513296;6,3522069955875065;4,759712402297117;0,8813592103790058
Oryza punctata;Poaceae;C3 annual herbaceous;19,600744774516087;56,41852628626576;0,2234581303024902;204,4481549145723;42,294569630912086;3,05245190124876;0,2851937247781368;0,14641222042586377;7,09080520308926;5,262453203122302;1,0243218152553994
Oryza rhizomatis;Poaceae;C3 perennial herbaceous;22,89620359635978;127,23650281859324;0,2309097225057211;226,0833802642679;35,8255568599975;1,927680161084273;0,36087495917476164;0,2395726502428079;11,159800582304285;8,141939057161684;1,6047651320858023
Oryza rufipogon;Poaceae;C3 perennial herbaceous;23,89042750988394;56,73419722555752;0,3018120702348782;205,8653500322218;23,15815700336916;3,933778773362494;0,26072786678216797;0,1534463871118492;6,472096654162851;4,826647352005091;0,9236593737848167
Oryza rufipogon;Poaceae;C3 perennial herbaceous;30,7047585657279;59,7829611273401;0,337017951411423;209,88262323170255;50,456285068253415;5,062708593300688;0,2793793308321318;0,13313740864223847;6,694114594573614;4,976740761201883;0,9675375333650542
Oryza sativa;Poaceae;C3 annual herbaceous;23,97646784291396;49,26695384118922;0,4026881325212446;220,06729206959997;42,56460091995427;3,2618471797827318;0,29182085883026165;0,24690803114085022;8,547422220660646;6,313217585447804;1,2175383228601724
Oryza sativa;Poaceae;C3 annual herbaceous;28,816795136020115;52,77916591231013;0,3621437724751793;255,8186914320506;39,70421560431352;3,040265163451452;0,3005689588802549;0,2382317021743305;8,81943338990616;6,503010856752542;1,2599475709959789
Oryza sativa;Poaceae;C3 annual herbaceous;29,11426199466549;60,89237479318935;0,2589453058361822;147,2673797848655;41,201470522757056;1,047282473629232;0,7936628095273711;0,4945090027885948;35,09523704291685;24,09510592601128;4,545980822265979
Oryza sativa;Poaceae;C3 annual herbaceous;14,387821954961163;148,1571829795522;0,1540754166905428;265,56439952873706;43,87077987664182;0,8751704554354554;0,39489474809794073;0,3521037890016067;14,231014986830195;10,277057383078942;2,004160032758188
Oryza sativa;Poaceae;C3 annual herbaceous;17,50528090528664;78,89585229598177;0,3160791652915427;341,02201925707874;42,40591557147628;3,7758585067939783;0,17712806697064643;0,16742108568041683;3,933637188042395;3,0200816092455023;0,5130331527791403
Oryza sativa;Poaceae;C3 annual herbaceous;25,82796326848804;177,23436955187918;0,2019645796783559;214,30893656172083;55,91114097840034;0,6036765554602884;0,8080681450697271;0,6691152003554716;41,75421898774971;28,203109336589097;5,135358967405562
Oryza sativa;Poaceae;C3 annual herbaceous;29,55610812247281;277,8593654627029;0,3122233062484117;269,8607615105865;42,15288373711449;0,6112367720219035;0,7015697430933655;1,0216116586559791;42,13882843144985;28,3037334742897;4,995441466541725
Oryza sativa;Poaceae;C3 annual herbaceous;30,06685588010634;118,1294523674154;0,2445843894990856;345,9658666518982;52,23243636257825;1,323547426212679;0,40371955428079265;0,36958915812931914;14,85870187720912;10,7092945457576;2,0853294413793724
Oryza sativa;Poaceae;C3 annual herbaceous;15,7602447124104;154,3500490392931;0,1550290232726385;369,9017909166144;35,361142339033975;1,0556317890320244;0,3032703307959838;0,2937179893280676;9,42883685780226;6,937344316147407;1,3380684839796513
Oryza sativa;Poaceae;C3 annual herbaceous;33,76226634177315;160,57799456282945;0,2573661923046224;252,52832076711024;36,598334800886434;1,4541385019576982;0,4810268674196309;0,35397755022390476;18,174111532313624;12,969441537229565;2,5341036510737935
Oryza sativa;Poaceae;C3 annual herbaceous;41,27901628352311;205,34789026245988;0,1580183781971398;229,7899194483932;45,997745074610535;0,8725469268423127;0,7851662799687249;0,36220029739603216;28,964498174839406;20,189306894395028;3,9447934703326237
Oryza sativa;Poaceae;C3 annual herbaceous;36,25740075169036;234,1284612392702;0,3048172845435913;355,40788211323337;45,20335340442308;0,4490638560845733;0,7903731958185249;1,3575676617633834;53,7922364863815;35,18832553423021;5,946079113199847
Oryza sativa;Poaceae;C3 annual herbaceous;24,305715651962966;326,7356380728118;0,2366897594095038;335,1252477577194;35,886024564006746;0,5197405845700578;0,589913949398802;0,9107996044037985;32,24560278664079;22,15745230199916;4,029831845863545
Oryza sativa;Poaceae;C3 annual herbaceous;13,267805507134575;83,05262430924286;0,131766836649371;199,3390921595914;38,05213597924887;2,0123149066483044;0,2898889716805179;0,13096045376798485;6,923546225318151;5,138224143312881;1,0054207309265273
Oryza sativa;Poaceae;C3 annual herbaceous;28,41374713910337;64,831453529473;0,2047584554586053;321,69829438015427;44,58414781883035;1,2616387519906391;0,4144159013870812;0,3245912590042645;14,711292276010084;10,606936413012129;2,078419154498466
Oryza sativa;Poaceae;C3 annual herbaceous;47,27527786972759;66,277107502043;0,7311408913832955;490,2166806745476;41,629823351908186;1,166094829497239;0,43838840817011465;1,2539990280182038;21,542401937936443;15,189326477286443;2,7955135129553303
Oryza sativa;Poaceae;C3 annual herbaceous;48,32657762123736;125,66484155753147;0,8265019939606632;284,5616725070534;32,33685633718861;1,4083666092033147;0,5464896321383688;1,1737029102503347;30,526301050543655;21,026695402656035;3,794332016041033
Oryza sativa;Poaceae;C3 annual herbaceous;15,634744334402772;37,19725723284402;0,53093414319659;271,8703583536581;27,19844006990817;3,99373671949644;0,17984581143409267;0,2658833971727281;4,279936013549423;3,277512960518453;0,5571441905231371
Oryza sativa;Poaceae;C3 annual herbaceous;34,43009204953586;113,8433996663812;0,5008393278062134;402,575802463077;36,34474154198999;1,7770285025427115;0,3311290363053746;0,5636818172466826;12,264685328809867;8,922554418812807;1,6998982780492233
Paphiopedilum armeniacum;Orchidaceae;C3 perennial herbaceous;2,963680857201177;671,2452522465393;0,0593547821348677;332,5642307603161;39,02377911933822;0,3478593022105483;0,24327730966937197;0,3412574092898175;6,96114094768001;5,198498240078072;0,9651669165589496
Paphiopedilum dianthum;Orchidaceae;C3 perennial herbaceous;2,2393840958316726;799,0251275671168;0,023839017549796;316,64374394421964;47,24607351865151;0,2250504415187832;0,2751714486158444;0,21185488363333288;7,615032930969784;5,648791439977702;1,0839465600272982
Paphiopedilum micranthum;Orchidaceae;C3 perennial herbaceous;4,231974083133832;1013,8074706761132;0,0594710292919094;269,95729853420966;20,83453817500351;0,2759458408312807;0,35824287879223154;0,4310340689517497;13,055656244872367;9,473024954225577;1,8287908079184194
Phillyrea latifolia;Oleaceae;evergreen angiosperms;11,502584925838969;175,19521889155948;0,0617082354111504;189,90272735159547;29,922201517406183;0,968984633448648;0,39502018675921896;0,12736679877270865;9,222527479279389;6,7532273815704045;1,3728007743918542
Picea abies;Pinaceae;evergreen gymnosperms;8,176705828644076;522,1344821568257;0,0509022173409609;284,9585284527693;43,24592126091645;0,2119325947696223;0,5968803352718737;0,48036232837420106;26,238903943272305;18,34035572515674;3,4956273666260187
Picea abies;Pinaceae;evergreen gymnosperms;7,410994395960758;241,0774157590168;0,0236411327722976;365,43722545879336;43,58043124650375;0,4078103222280044;0,3424925145124525;0,11594180668668792;7,757312059824914;5,717849862829665;1,148977613934199
Picea glauca;Pinaceae;evergreen gymnosperms;8,736000515107849;669,2049166268234;0,0616279725747303;196,863211971474;45,3473630125243;0,379553974720777;0,5807046743957424;0,3247389129309874;21,271245049305016;15,060997087743383;2,9592160283533575
Pinus halepensis;Pinaceae;evergreen gymnosperms;5,166568635941347;424,1701507785045;0,0270590350206026;308,29237093810764;45,65449273171003;0,5652502460587558;0,266919213543205;0,09574178944378525;5,588507935350711;4,174440110656292;0,8104675090012509
Pinus halepensis;Pinaceae;evergreen gymnosperms;6,751108006905767;306,2394952657085;0,0571065227438959;339,0238524291224;42,586087728698935;0,4518880607531832;0,3229092597800709;0,25274632239105305;9,893215707960511;7,257462948730196;1,4146825182540026
Pinus nigra;Pinaceae;evergreen gymnosperms;8,00704186400518;633,9198279750788;0,0475958423344571;242,1526462709319;33,47969632306549;0,281717401783266;0,5468357729327539;0,33789778006737453;20,448647455535166;14,506725506344157;2,8421764722219423
Pinus nigra;Pinaceae;evergreen gymnosperms;7,93770207435911;484,4935131296035;0,0348680307094881;287,069415008462;35,090352678002645;0,3657819190556227;0,4273101768035082;0,1906492852326355;12,199185742236699;8,85474338856752;1,7796990475268766
Pinus pinea;Pinaceae;evergreen gymnosperms;5,236819225018687;484,53812379275627;0,0388098189529133;133,88822535044852;39,04355957958403;0,4448813777529551;0,5197888064450449;0,17447266122460442;13,73369879540397;9,916199138072866;2,023976956511139
Pinus pinea;Pinaceae;evergreen gymnosperms;6,214463838367141;625,8609706972973;0,0379553232359133;272,2041062587807;35,057620879160794;0,2806185528416577;0,4460797264818401;0,2705118592592132;14,945577466765577;10,763497466971272;2,1312512212095434
Pinus sylvestris;Pinaceae;evergreen gymnosperms;12,152431513357568;331,20738308490405;0,081690172224215;175,46310124271974;35,7906657604282;0,3986980748415397;0,7127149609228027;0,4097846334306094;28,891875045841903;20,10439227776997;3,8718145625580966
Pinus sylvestris;Pinaceae;evergreen gymnosperms;9,87275080674279;397,169160904605;0,0732673575768864;220,90732580370155;44,98915142954178;0,4000332598236931;0,5557793044783187;0,36630632967457544;21,582985551597304;15,266206842625282;2,974139971155767
Podocarpus alpinus;Podocarpaceae;evergreen gymnosperms;7,604176188346805;432,4514947906782;0,0763817096374497;288,8277429753479;43,911498079771896;0,5814825085490938;0,3327126770264177;0,2627136965066625;10,401613220129008;7,614551795654901;1,4865818242795916
Podocarpus alpinus;Podocarpaceae;evergreen gymnosperms;7,374741380404867;170,88301391426037;0,0401570065805482;288,2442027455193;41,75440672288009;0,52920277517794;0,34272737083791543;0,15176415719681646;8,808050942509622;6,473686871180972;1,2897077680017512
Podocarpus nivalis;Podocarpaceae;evergreen gymnosperms;9,306248802836118;410,2607862525067;0,0498752916210823;291,31482330859336;40,174276179022;0,7495104044986957;0,3197256639149925;0,13308765648007517;7,743382266495509;5,7169132685478345;1,1341838779253037
Podocarpus nivalis;Podocarpaceae;evergreen gymnosperms;4,472622844679348;386,7589955771581;0,0520072713744185;259,57973428652576;46,26244365435831;0,3733308228567096;0,34154520412073697;0,2786122558885513;10,943404086980609;7,995306417508382;1,561429297115386
Populus tremula;Salicaceae;deciduous angiosperms;28,6479668487986;138,0937043786674;0,331210412450145;194,1213970790967;24,584518360878217;1,221380927136344;0,5515456615605007;0,5423539947143314;25,086740478209983;17,573454586152586;3,3318144417817463
Prunus persica;Rosaceae;deciduous angiosperms;31,80685224947005;124,6939419945999;0,3492116000392204;163,7819073270794;40,42133638547294;1,9345644246427705;0,5403805047384828;0,361023489929734;20,81733329911437;14,754220319699389;2,8781763764103747
Prunus persica;Rosaceae;deciduous angiosperms;16,37656883783181;111,64002116876586;0,0732158402600166;314,6136588742404;50,44014617493461;5,502881038139575;0,150667394800383;0,026610002924856813;1,9098434050484292;1,4957730467558732;0,2367966470104574
Psilotum nudum;Psilotaceae;ferns;2,596366519367556;307,05906921678326;0,0068749116634352;79,98186009757939;51,530519256853225;0,4909434122263107;0,6501687475269291;0,028006941298016907;3,3909933569897905;2,515237523330523;0,5687412766822202
Psilotum nudum;Psilotaceae;ferns;2,0716095436820123;300,99501115660985;0,0074612342662544;105,90850004075438;27,745647309608948;0,2255668495134484;0,504579698597897;0,06615541496765515;6,819456006591246;5,013075112973703;1,0719447093945103
Pteridium aquilinum;Dennstaedtiaceae;ferns;7,617914235998485;161,68999370629552;0,0771414328721523;194,5696147327648;56,630919639051314;2,871033676260889;0,19740765450307163;0,05373774157370247;3,2583158001796564;2,4878933348095273;0,4473614344852562
Quercus agrifolia;Fagaceae;evergreen angiosperms;10,619124020840006;219,1906014609605;0,0831512335074891;406,8863386250758;24,401193699709943;1,2673456960492315;0,21085553078748429;0,1312210768801301;4,729549470900498;3,5815242964226677;0,6513711566997441
Quercus chrysolepis;Fagaceae;evergreen angiosperms;15,6693221521154;251,27950027587005;0,1926488050641458;352,17537307513334;47,16258640072764;0,5825651966164239;0,4327085660488098;0,6613810992591471;18,95341703868011;13,494187401707013;2,5614543260364893
Quercus coccifera;Fagaceae;evergreen angiosperms;10,220055835568118;224,17517203895363;0,2124939573596881;317,7500937244241;54,23005773171798;0,6409431418665114;0,3550470940375188;0,663066482748774;13,933606702428818;10,079317448608379;1,9165269878536852
Quercus coccifera;Fagaceae;evergreen angiosperms;13,789281140767308;314,243214137975;0,1673556897828688;293,3719798913034;35,79216491229057;0,2147865422327564;0,7703124006036252;1,558344280262322;53,91836648384283;35,218422514591644;5,901636051172257
Quercus faginea;Fagaceae;deciduous angiosperms;17,107145287415065;138,4311642284083;0,1319661973741616;211,0626603946077;36,9011608089365;0,7213797289585181;0,5467495884318114;0,3658716542109825;21,203041081095687;15,011975468036757;2,9253365668584976
Quercus ilex;Fagaceae;evergreen angiosperms;7,177819176854843;375,537398746642;0,0871046648095315;338,8236902076519;32,046252121529534;0,414478646797796;0,34245503312874936;0,42030954058786835;12,194173287828015;8,874186291474894;1,7104881306325084
Quercus ilex;Fagaceae;evergreen angiosperms;11,020455937473132;218,661169810734;0,1861066995646164;434,8811729556603;46,9767522240096;0,3821535630888861;0,3954111790481397;0,973989084703781;17,686377487856532;12,618878324867136;2,3592084506379805
Quercus ilex;Fagaceae;evergreen angiosperms;12,141076678495129;311,096873703711;0,1025577474369141;337,44101618315005;17,060361315311106;0,2714807095406739;0,5542466235601988;0,7555435346432868;28,09075543076652;19,509450334615554;3,6157407411737297
Quercus ilex;Fagaceae;evergreen angiosperms;4,907548133242143;218,2895632365973;0,0861064548671593;288,8926733398658;30,31167023562173;0,3805411395997803;0,3211663804841053;0,4525474168586266;11,270074663629373;8,23056354262349;1,5758601166306732
Quercus ilex;Fagaceae;evergreen angiosperms;8,714807706368791;317,2839306589848;0,0646168766194445;353,96345975804644;46,30171217060324;0,1989258356577385;0,5603375733595958;0,6496579632885993;27,221926948527013;18,957146020197293;3,54615281361233
Quercus ilex;Fagaceae;evergreen angiosperms;18,867711307304383;315,0252021364374;0,130911060594688;348,6230089442383;30,09577193910616;0,2208073320397904;0,8047518885073388;1,1857492175223354;52,70478007228605;34,60299094136237;5,911916118365732
Quercus ilex;Fagaceae;evergreen angiosperms;8,089837616848557;199,2668907009445;0,0552317255169344;285,8676209680911;49,29362766613596;0,7745560376614732;0,3015894644932818;0,14261518297291728;7,478032100607385;5,53450690727562;1,0872128056010735
Quercus ilex;Fagaceae;evergreen angiosperms;19,04777114773828;258,01241880458684;0,1975671393468945;234,91893795888177;33,09493037671344;0,5123769866386738;0,6468292794747565;0,771178817545988;34,56162345185752;23,654519120773955;4,31849999734074
Quercus ilex;Fagaceae;evergreen angiosperms;16,036182498757327;271,8654624124847;0,1749744982885753;312,8072476128828;46,48808458519306;0,1995931941831321;0,8640155239380957;1,753311269000801;65,37972154315513;41,67226462772625;6,753536292514568
Quercus robur;Fagaceae;deciduous angiosperms;10,82886144079372;157,45838379811184;0,1490032974189731;314,37994723998474;51,15576955009772;0,963048169671759;0,2965192094117463;0,3094410064031558;9,21165413202701;6,78694817719396;1,304004996875033
Quercus suber;Fagaceae;evergreen angiosperms;14,05600006005144;145,11634979500272;0,1708157301143424;191,9342037469914;37,23201736446615;0,4942180543584378;0,6461263399753049;0,6912565358871174;33,18142080721874;22,79388493077687;4,199719065727645
Quercus wislizeni;Fagaceae;evergreen angiosperms;9,272402771889968;184,31254786488236;0,1498073669601204;214,36932143859292;30,26511863605524;0,2878830244893492;0,628305092260344;1,0407516540848543;36,33549579672957;24,73208818502932;4,426284241249135
Selaginella denticulata;Selaginellaceae;fern allies;2,9185208954422754;65,21077242033103;0,1306782267714447;360,9428089121472;38,35863001595756;7,389666464660647;0,049502168907576374;0,035367828141197655;0,8864603401230747;0,8083730555612348;0,012005637659058287
Selaginella martensii;Selaginellaceae;fern allies;3,184061490520711;31,794092208609268;0,031291718923118;315,12191907892947;44,40779946348254;8,746034948818055;0,051882853116451515;0,00715563546366729;0,7786947671260638;0,7023024456272209;0,017539451893293583
Selaginella uncinata;Selaginellaceae;fern allies;4,56302543314634;51,54271273620344;0,0941876806983601;275,2583387498119;38,89325945427304;8,513213515401869;0,06739440671028248;0,0221274094742152;1,0073852757062434;0,8801068070764488;0,047251778255485086
Selaginella uncinata;Selaginellaceae;fern allies;2,1292283680640613;20,662377806984047;0,0219958068019872;265,9368306809921;37,06097500250506;13,774593515529014;0,03676022726686702;0,0031936778064906037;0,7098103834466502;0,6688761751839651;0,009159193561472023
Selaginella uncinata;Selaginellaceae;fern allies;4,554061271789784;23,142884868660605;0,0166333904192179;212,4586608485776;53,745479191524;8,440080335124627;0,08255128562182344;0,003941524193791289;0,8810696034241748;0,7519472172095744;0,057185124805566756
Sequoiadendron giganteum;Cupressaceae;evergreen gymnosperms;7,2526136486952915;414,7082304645925;0,104928368248655;305,1632234849646;33,51482991069341;0,4434078615124244;0,35413738188870625;0,47328149704316813;13,081471042402594;9,49187066817153;1,8257905253555324
Solanum lycopersicum;Solanaceae;C3 annual herbaceous;23,273447292284075;261,26704264734354;0,1871830428197875;321,676683401662;42,287593330881066;0,7303948946146523;0,4965285915917351;0,5125529879793124;21,554631026191657;15,238781955871268;2,913471328069658
Solanum lycopersicum;Solanaceae;C3 annual herbaceous;19,68537971325966;159,62520799441063;0,1709159943786372;355,1792181351897;33,18770127909585;0,6430500937913748;0,45036334888384355;0,5315790978924501;19,11649241298647;13,602784208204156;2,6037978406362328
Solanum lycopersicum;Solanaceae;C3 annual herbaceous;11,99964992736902;144,05376739608712;0,1137306142024521;257,82061929089514;26,20459015718257;3,721889714459795;0,16763007478628728;0,06111444611623011;2,893917671892387;2,239409099241418;0,37386566025722046
Solanum lycopersicum;Solanaceae;C3 annual herbaceous;8,693337290057364;128,10049206013008;0,1180517400037257;427,0590231526443;41,84872762419347;4,15978863807183;0,10435311154435656;0,05675852802869607;1,7086787978529698;1,3970600444637826;0,16082005512674813
Taxus baccata;Taxaceae;evergreen gymnosperms;9,669175291227;348,31364939255155;0,0560548036810719;257,25929060781345;36,71709557705765;1,045149055610246;0,2937612274031689;0,10726662073735001;6,457393182131876;4,79636147462328;0,9451058972640407
Taxus baccata;Taxaceae;evergreen gymnosperms;8,865460257995334;597,0571816222332;0,0352548328596679;152,48448802128976;31,15849285008171;0,4399448830708706;0,6102705330392455;0,16026931652703735;14,420174365110231;10,395025255738837;2,1549385605861566
Taxus baccata;Taxaceae;evergreen gymnosperms;4,926427496171509;533,8495077183967;0,0474778425650425;345,21674809125136;43,53163090643705;0,501259065959939;0,2580521971055198;0,18943434957777688;6,78097858190654;5,054364929768386;0,9611579242785814
Taxus cuspidata;Taxaceae;evergreen gymnosperms;6,819483344599654;447,3478746949894;0,054528606557622;179,94064073196648;54,70114562087847;0,7183516152091649;0,3994733346618304;0,15181592246227418;10,224124187158168;7,465489686199069;1,508394285917734
Thelypteris dentata;Thelypteridaceae;ferns;9,108731324023868;102,469800609345;0,0840113956102099;224,7462769717556;32,14248083080497;1,0956869217477492;0,29810369548953874;0,15334927148021785;7,580289836479908;5,610712739811526;1,0982270794503592
Thuja plicata;Cupressaceae;evergreen gymnosperms;8,717041439012595;761,7992498738599;0,0563620506904729;248,1859566698821;34,62319046459806;0,4068156480535967;0,4634976731934041;0,2770889023573025;15,746255933390113;11,31241333112187;2,2392106762309822
Triticum aestivum;Poaceae;C3 annual herbaceous;22,189788238572515;201,9783996109409;0,1287827601783451;270,3234558823727;53,94120779873577;0,9944774367275576;0,47034460968374203;0,25899584127744435;15,512980972255216;11,15123619729276;2,2161865731885197
Triticum x Secale;Poaceae;C3 annual herbaceous;22,994952343273305;353,0616612623327;0,2399716735107341;503,3801024969192;20,714942200730206;1,1093271972996577;0,2973349085124918;0,432643631373822;9,866606661230385;7,252443918274314;1,3815999449091165
Vitis vinifera;Vitaceae;deciduous angiosperms;12,547015938058244;123,17477148229408;0,1776409474744751;282,43199434119487;39,5538061860747;0,792813501490223;0,3690264769543536;0,44812795730791616;13,792511292757764;9,978964841346935;1,9247811334585783
Vitis vinifera;Vitaceae;deciduous angiosperms;16,101867075902735;136,18042081769505;0,162675168382873;431,180982158167;27,79769025852333;1,5107853519326384;0,23191827774363688;0,21535179458124137;6,027910276293442;4,523742685718078;0,838477519952828
Vitis vinifera;Vitaceae;deciduous angiosperms;17,006712548977486;119,86905866665224;0,2063094866170024;326,2441632976193;41,250682885336325;1,7994814540046682;0,2604142082690378;0,22929881956590278;7,199609159977358;5,357337402291629;1,0165321390897821
Vitis vinifera;Vitaceae;deciduous angiosperms;10,344370203116975;110,7695479770618;0,1179506962033617;264,2094154217889;41,125073589334605;1,5274413658828616;0,2489249428043355;0,15444219180902719;6,103131923384707;4,565733277850988;0,8651509498831516
Vitis vinifera;Vitaceae;deciduous angiosperms;18,923502004119754;155,77862000592813;0,1823336920181417;309,87457723035243;47,93066408196078;1,379127078450446;0,3294348351026032;0,264418986280811;10,289053840157578;7,535918998811162;1,4696466742217154
Vitis vinifera;Vitaceae;deciduous angiosperms;18,187903986558176;141,2651839453398;0,1712511659136809;291,5568085780466;23,94610523998723;2,0511808970831726;0,2603027101828501;0,16697812090313835;6,627998801054975;4,941023454511281;0,9436648248366013
Vitis vinifera;Vitaceae;deciduous angiosperms;18,039040097060266;170,4005155664101;0,1609686968382697;275,8567711921107;30,8745272808148;0,9327978264090684;0,4080988041601172;0,34513094323545007;14,741836980300642;10,628576428411309;2,0762798164905383
Vitis vinifera;Vitaceae;deciduous angiosperms;12,893171136768688;168,8413092575125;0,1146716172211542;279,3502517741505;35,41169412268693;1,2646489113921744;0,2932024313778723;0,18134933132535455;7,867522076181819;5,821814720270995;1,132063626911556
Vitis vinifera;Vitaceae;deciduous angiosperms;13,999030561109889;102,0425553752532;0,1626286391467436;313,864664867923;37,00006499440399;0,90743722580786;0,34015303113376344;0,3584350179197486;11,651115572841874;8,494377884010504;1,6450596327679456
Vitis vinifera;Vitaceae;deciduous angiosperms;12,362807298646477;152,32916305170326;0,1570368035891408;379,8023738572594;44,383235645783216;0,8960671506305133;0,29080920904533303;0,3505023110793485;9,19418244502506;6,777189116663369;1,2949978527486627
Ziziphus spina-christi;Rhamnaceae;evergreen angiosperms;13,441384062500816;125,81219244899974;0,1862552274444702;237,8177776384965;39,116519832337374;0,683569089032256;0,4600982024303225;0,5449492390247075;19,83934436803411;14,086508106949509;2,6906922269555755
