species,plant_functional_type,gm,An,gs_CO2,T_mesophyll,T_leaf,fias_mesophyll,Cistar_infered,L_infered,Ci_infered,g_ias,gm_,gs,dgm_,dgs,dg_ias,gamma,dgamma_low,dgamma_high,tau,dtau_low,dtau_high
Abies alba,evergreen gymnosperms,0.081,7.35,0.116,436.0,,0.4,40,436.0,195.0,0.8344147478843221,0.047419354838709675,0.116,0.016200000000000003,0.023200000000000002,0.16688294957686445,0.28755008485212025,0.08393798718181042,0.07507762098530923,0.34538313044091296,0.06631701677013069,0.07124007697234869
Abies alba,evergreen gymnosperms,0.068,7.35,0.116,436.0,,0.4,40,436.0,195.0,0.8344147478843221,0.047419354838709675,0.116,0.013600000000000001,0.023200000000000002,0.16688294957686445,0.28952312705613953,0.0813241453919645,0.07469746525691323,0.3465085527788141,0.06529891351809847,0.06106271764620935
Abies pinsapo,evergreen gymnosperms,0.14,11.54,0.087,792.0,,0.1,40,792.0,181.0,0.11483738323155443,0.08184397163120567,0.087,0.028000000000000004,0.0174,0.022967476646310887,1.5825990924305948,0.4411613981347764,0.41696999144616265,1.634912044746815,0.4994726436888093,0.5082190599957048
Abies pinsapo,evergreen gymnosperms,0.162,11.54,0.087,792.0,,0.1,40,792.0,181.0,0.11483738323155443,0.08184397163120567,0.087,0.032400000000000005,0.0174,0.022967476646310887,1.5977264956133406,0.4430762264493766,0.4291109356605112,1.656284253600647,0.5653454596329994,0.583769619637545
Abies pinsapo,evergreen gymnosperms,0.137,11.5,0.066,809.0,,0.13,40,809.0,185.75757575757578,0.14615150775674715,0.07889812889812889,0.066,0.027400000000000004,0.013200000000000002,0.02923030155134943,0.9362065401650064,0.26163281914050907,0.26378179880992314,1.3134576203851527,0.3558468395663914,0.34420979744801183
Abies pinsapo,evergreen gymnosperms,0.151,11.5,0.066,809.0,,0.13,40,809.0,185.75757575757578,0.14615150775674715,0.07889812889812889,0.066,0.0302,0.013200000000000002,0.02923030155134943,0.9745888316024554,0.2660337290135415,0.2371300455202232,1.3289439435940185,0.4683492165713363,0.4008916963533171
Acer palmatum,deciduous angiosperms,0.052,8.4,0.156,113.3,,0.11,40,113.3,306.15384615384613,0.8830214322270981,0.0315606936416185,0.156,0.0104,0.031200000000000002,0.17660428644541962,0.36806214893479244,0.1032221646523524,0.10650312775149551,0.27024556753689805,0.054041873916739286,0.05435067730982057
Acer rufinerve,deciduous angiosperms,0.047,8.0,0.1,212.2,,0.24,40,212.2,280.0,1.0286658720383537,0.03333333333333333,0.1,0.0094,0.020000000000000004,0.20573317440767075,0.20268664965979943,0.0512250837724294,0.05461231209384437,0.25749656439293583,0.0472019375398908,0.04434689204354236
Arabidopsis thaliana,C3 annual herbaceous,0.171,19.2,0.202,332.0,,0.227,40,332.0,264.950495049505,0.6218651839428248,0.08535211267605633,0.202,0.0342,0.040400000000000005,0.12437303678856496,0.6803058147752656,0.18323317495760977,0.17247381695296093,0.5572636409427887,0.13129745140553878,0.1315843638998967
Arabidopsis thaliana,C3 annual herbaceous,0.113,10.06,0.199,149.6,188.8,0.192,40,149.6,309.4472361809045,1.1672882248478003,0.03733569563595674,0.199,0.022600000000000002,0.0398,0.23345764496956006,0.35745975470155317,0.10013388148123398,0.08825773017558886,0.25625617014326396,0.06921268062710617,0.07332354438523309
Araucaria heterophylla,evergreen gymnosperms,0.022,5.48,0.035,486.9,541.6,0.37,40,486.9,203.42857142857144,0.6911469866949005,0.03353146853146853,0.035,0.0044,0.007000000000000001,0.1382293973389801,0.10842642099356395,0.03394616375698044,0.02869104333610978,0.3193443009994564,0.03830345226055393,0.03618595439513339
Araucaria heterophylla,evergreen gymnosperms,0.038,5.48,0.035,486.9,541.6,0.37,40,486.9,203.42857142857144,0.6911469866949005,0.03353146853146853,0.035,0.0076,0.007000000000000001,0.1382293973389801,0.10688122650098592,0.02982875470892328,0.030419915209448173,0.32364265729016584,0.05164913102590213,0.04861802085171718
Brassica napus,C3 annual herbaceous,0.47,13.9,0.097,,343.0,0.306,40,291.55,226.0,0.954589933148128,0.07473118279569893,0.097,0.094,0.0194,0.1909179866296256,0.2101985864285643,0.05724245552245985,0.06192298793419401,0.47321121590097426,0.22084641387664095,0.19920934838010895
Brassica napus,C3 annual herbaceous,0.224,16.7,0.217,147.0,180.0,0.339,40,147.0,299.0,2.0974462142226926,0.06447876447876448,0.217,0.044800000000000006,0.0434,0.41948924284453853,0.21773914114626242,0.063178262022552,0.05566500857202589,0.2553662526238327,0.08650962993449932,0.08472153246923508
Brassica napus,C3 annual herbaceous,0.268,21.5,0.207,,200.9,0.273,40,170.765,256.1352657004831,1.4540262731118074,0.09947474295932052,0.207,0.05360000000000001,0.0414,0.2908052546223615,0.3019122891810722,0.08579011193708383,0.08194608410006293,0.3810537110166499,0.10520253697459403,0.11339425292609207
Brassica napus,C3 annual herbaceous,0.203,15.8,0.21,148.0,179.0,0.289,40,148.0,284.76190476190476,1.7760066873718934,0.06455252918287938,0.21,0.040600000000000004,0.042,0.3552013374743787,0.24497766090325804,0.07202039791773851,0.06652315258926869,0.2774376479210176,0.08613427749744132,0.078023250419335
Castanopsis sieboldii,evergreen angiosperms,0.078,6.85,0.084,190.3,,0.469,40,190.3,247.4,2.241519512695451,0.03302796528447444,0.084,0.015600000000000001,0.016800000000000002,0.4483039025390902,0.07958931972676524,0.022159095667013844,0.021518593539968697,0.1746191903087822,0.043564945718919806,0.04574801042871579
Chamaecyparis obtusa,evergreen gymnosperms,0.065,4.3,0.033,578.0,716.0,0.231,40,578.0,211.0,0.3634901200169437,0.025146198830409357,0.033,0.013000000000000001,0.006600000000000001,0.07269802400338875,0.1906925234413123,0.05589783394678691,0.04917244824872516,0.39073576828085416,0.1051657175140368,0.10249743586800653
Citrus limon,evergreen angiosperms,0.142,12.9,0.106,239.0,257.0,0.36,40,239.0,242.4,1.3699763475724183,0.06373517786561265,0.106,0.028399999999999998,0.0212,0.27399526951448366,0.16259949521202624,0.047719068156233474,0.043925349700522115,0.3162840947473627,0.07939772374268017,0.07592364269206248
Citrus paradisi,evergreen angiosperms,0.198,20.4,0.219,319.0,340.0,0.43,40,319.0,245.5,1.2259880637410083,0.09927007299270073,0.219,0.0396,0.043800000000000006,0.24519761274820168,0.3701175103112416,0.09990420413821888,0.09902683840437804,0.4118037498342743,0.10107311348428832,0.10500385983531507
Cucumis sativus,C3 annual herbaceous,0.206,21.2,0.346,,130.8,0.232,40,111.18,298.72832369942194,1.8978845245996345,0.08193923145665774,0.346,0.0412,0.0692,0.3795769049199269,0.38780232634596246,0.10603118401574008,0.09992354656543184,0.29792053142943703,0.0819485832921539,0.08301072721997327
Cupressus sempervirens,evergreen gymnosperms,0.039,10.91,0.099,389.6,416.0,0.063,40,389.6,249.7979797979798,0.1470720244795082,0.05200240731824748,0.099,0.0078000000000000005,0.0198,0.029414404895901643,1.4318734601933547,0.3927391870358743,0.40335247092729576,0.9691341278135478,0.1536936409039229,0.14416413998466038
Cupressus sempervirens,evergreen gymnosperms,0.062,10.91,0.099,389.6,416.0,0.063,40,389.6,249.7979797979798,0.1470720244795082,0.05200240731824748,0.099,0.012400000000000001,0.0198,0.029414404895901643,1.41024585677381,0.36116458839050014,0.34023270037019837,0.9800136854375867,0.18743968916565112,0.18350735166931087
Cycas revoluta,evergreen gymnosperms,0.046,4.17,0.023,256.5,310.1,0.2,40,256.5,178.69565217391303,0.7091712087281957,0.030065830721003137,0.023,0.0092,0.0046,0.14183424174563916,0.06642958358867468,0.01745452503753999,0.01736305971396533,0.2974759117520517,0.05928053786452908,0.054932868130463997
Cycas revoluta,evergreen gymnosperms,0.092,4.17,0.023,256.5,310.1,0.2,40,256.5,178.69565217391303,0.7091712087281957,0.030065830721003137,0.023,0.0184,0.0046,0.14183424174563916,0.06731180896803403,0.019834492065337682,0.01974030991949062,0.29177873709566415,0.1013970344427487,0.09745492002981121
Cypripedium flavum,C3 perennial herbaceous,0.07,10.4,0.26,224.2,312.6,0.273,40,224.2,302.7,1.1074790210880363,0.0395888846593072,0.26,0.014000000000000002,0.052000000000000005,0.22149580421760728,0.4850281341720785,0.13706327389208572,0.12773946669222175,0.27045283628970346,0.06010663551803594,0.059116401435924115
Cypripedium tibeticum,C3 perennial herbaceous,0.056,7.73,0.17,182.1,275.2,0.294,40,182.1,295.8,1.468404997841899,0.030218921032056294,0.17,0.011200000000000002,0.034,0.2936809995683798,0.2524685133759988,0.0731248458316418,0.07271477404342358,0.20083136695049286,0.04555010853979147,0.04441929848226023
Cypripedium yunnanense,C3 perennial herbaceous,0.07,9.32,0.24,191.4,290.1,0.247,40,191.4,297.4,1.1737172548218182,0.03620823620823621,0.24,0.014000000000000002,0.048,0.23474345096436366,0.43293444367224104,0.12096821228138716,0.11556224612122307,0.25004730815076864,0.05322176160983144,0.057245687527045785
Ephedra minuta,evergreen gymnosperms,0.01,4.52,0.021,431.0,488.9,0.21,40,431.0,144.7619047619048,0.44314973501327454,0.04314545454545453,0.021,0.002,0.004200000000000001,0.08862994700265492,0.09910496410590727,0.02861411600079311,0.029523174415424486,0.4651363457613485,0.05248288610726487,0.04952755042699769
Ephedra minuta,evergreen gymnosperms,0.007,4.52,0.021,431.0,488.9,0.21,40,431.0,144.7619047619048,0.44314973501327454,0.04314545454545453,0.021,0.0014000000000000002,0.004200000000000001,0.08862994700265492,0.09999548448803544,0.029854935510451555,0.030150081760755454,0.4657773555980923,0.05133214459723162,0.053092745425430965
Fallopia japonica,C3 perennial herbaceous,0.196,9.85,0.18,166.0,,0.49,40,166.0,292.2,2.6847043183434725,0.039056304520222046,0.18,0.039200000000000006,0.036,0.5369408636686945,0.14186492349397592,0.036315250285971934,0.03647493570054047,0.1815252227660693,0.06629833807715764,0.06510314453275268
Fraxinus ornus,deciduous angiosperms,0.122,8.19,0.076,64.5,,0.408,40,64.5,233.0,5.753192661691715,0.04243523316062176,0.076,0.0244,0.0152,1.150638532338343,0.028296432652148453,0.00836335794208589,0.00840982173272178,0.12371057370935691,0.03725191790297511,0.03723622104581277
Gossypium barbadense,C3 perennial herbaceous,0.221,32.66,0.295,,206.7,0.336,40,175.695,249.28813559322035,1.7393554584089141,0.1560528020732102,0.295,0.0442,0.059,0.3478710916817829,0.3542123531188024,0.09403847155659734,0.09452314390178995,0.4353817082234741,0.0837053286436053,0.08124909132926417
Gossypium barbadense,C3 perennial herbaceous,0.203,29.92,0.249,,340.0,0.385,40,289.0,239.83935742971886,1.2116337333898122,0.1497202572347267,0.249,0.040600000000000004,0.049800000000000004,0.24232674667796245,0.42577386115727767,0.11448028628282853,0.11360895845534069,0.5269399034147649,0.09422517102249889,0.1038991948445448
Gossypium barbadense,C3 perennial herbaceous,0.304,32.66,0.295,,206.7,0.336,40,175.695,249.28813559322035,1.7393554584089141,0.1560528020732102,0.295,0.0608,0.059,0.3478710916817829,0.36122713827119285,0.09880710952356103,0.10062493644408782,0.4299278839943322,0.11007835176037378,0.1113751944681613
Gossypium barbadense,C3 perennial herbaceous,0.355,29.92,0.249,,340.0,0.385,40,289.0,239.83935742971886,1.2116337333898122,0.1497202572347267,0.249,0.071,0.049800000000000004,0.24232674667796245,0.4201276031624496,0.11568308015205903,0.112323582439874,0.5241462794581969,0.1494019276889072,0.13551572774371612
Gossypium hirsutum,C3 perennial herbaceous,0.371,41.47,0.473,,311.0,0.445,40,264.34999999999997,272.3255813953488,1.5310492659780235,0.1784994994994995,0.473,0.0742,0.0946,0.30620985319560473,0.6570630808344285,0.19268691066944255,0.17927704600675543,0.5006081596726585,0.11628769750186474,0.13243260820774427
Gossypium hirsutum,C3 perennial herbaceous,0.357,38.58,0.359,,380.0,0.395,40,323.0,252.53481894150417,1.112251608983266,0.1815231979030144,0.359,0.0714,0.0718,0.2224503217966532,0.6718338600009507,0.18430610305889267,0.1745567820994003,0.6054849775062683,0.14611946406082704,0.15398332974150175
Gossypium hirsutum,C3 perennial herbaceous,0.39,41.47,0.473,,311.0,0.445,40,264.34999999999997,272.3255813953488,1.5310492659780235,0.1784994994994995,0.473,0.07800000000000001,0.0946,0.30620985319560473,0.642795273677146,0.17858271448205154,0.1612584639396064,0.5032458307486505,0.1470008246816218,0.13685750999549817
Gossypium hirsutum,C3 perennial herbaceous,0.483,38.58,0.359,,380.0,0.395,40,323.0,252.53481894150417,1.112251608983266,0.1815231979030144,0.359,0.0966,0.0718,0.2224503217966532,0.6815186981892453,0.20795952180464294,0.19091171119611772,0.6044495205925811,0.17726486045680184,0.17532977866080568
Gossypium hirsutum,C3 perennial herbaceous,0.267,37.26,0.387,375.0,411.0,0.47,40,375.0,263.72093023255815,1.1399218009097016,0.16654677754677752,0.387,0.0534,0.07740000000000001,0.22798436018194035,0.6907327290445827,0.20601680860145305,0.18966081298504922,0.5782394355924744,0.1285040668771399,0.12359641636986285
Gossypium hirsutum,C3 perennial herbaceous,0.347,37.26,0.387,375.0,411.0,0.47,40,375.0,263.72093023255815,1.1399218009097016,0.16654677754677752,0.387,0.0694,0.07740000000000001,0.22798436018194035,0.7190457002829638,0.21499054374335935,0.1949846629149683,0.570663411477901,0.15127175171941165,0.15649158872045588
Juglans nigra x regia,deciduous angiosperms,0.192,15.8,0.239,,150.0,0.168,40,127.5,293.89121338912133,1.1984159108437418,0.0622313777191826,0.239,0.038400000000000004,0.0478,0.23968318216874837,0.4011238091761846,0.11328968824256497,0.1108089825372941,0.32804271636999194,0.11308174347582223,0.11214161247002902
Juniperus oxycedrus,evergreen gymnosperms,0.047,6.3,0.059,320.0,425.0,0.275,40,320.0,272.0,0.7816119396197674,0.027155172413793102,0.059,0.0094,0.0118,0.15632238792395348,0.15923047241089738,0.0426489589827604,0.043634381734777294,0.2673099612453856,0.052782959526849554,0.05435943919061309
Ligustrum vulgare,deciduous angiosperms,0.056,6.56,0.056,105.7,,0.311,40,105.7,222.0,2.6760478276755566,0.03604395604395604,0.056,0.011200000000000002,0.011200000000000002,0.5352095655351113,0.04399448658766624,0.012961515969328524,0.011437450150860097,0.165384361943963,0.031355069005810504,0.03093254737754142
Macadamia integrifolia,evergreen angiosperms,0.108,9.5,0.088,256.0,283.0,0.38,40,256.0,207.8,1.3500569866159615,0.056615017878426696,0.088,0.0216,0.0176,0.2700113973231923,0.13815480496539764,0.03915760932219178,0.03934045533634295,0.30098531209335,0.0607595684989099,0.06487924510165682
Metasequoia glyptostroboides,deciduous gymnosperms,0.063,8.64,0.078,232.3,247.4,0.29,40,232.3,249.23076923076923,1.1354218760492214,0.04129411764705883,0.078,0.0126,0.015600000000000001,0.22708437520984429,0.14351244107600564,0.03660235864549498,0.03499968603050249,0.27452687196781206,0.04995711670166031,0.05262479006944554
Metasequoia glyptostroboides,deciduous gymnosperms,0.058,8.64,0.078,232.3,247.4,0.29,40,232.3,249.23076923076923,1.1354218760492214,0.04129411764705883,0.078,0.011600000000000001,0.015600000000000001,0.22708437520984429,0.14152897372389567,0.042056529746424876,0.040594905926484987,0.27226944588423935,0.04888054604445852,0.045561298901247826
Nicotiana sylvestris,C3 annual herbaceous,0.12,12.6,0.152,191.9,235.6,0.302,40,191.9,296.6,1.4313321871212146,0.04910366328916601,0.152,0.024,0.0304,0.2862664374242429,0.22476254501938808,0.06183234661012929,0.0619774986587473,0.26254947744045626,0.07546615908172555,0.07090989867844488
Olea europaea,evergreen angiosperms,0.141,13.9,0.042,269.0,310.0,0.6,40,269.0,243.0,2.0286514688340023,0.0684729064039409,0.042,0.0282,0.008400000000000001,0.4057302937668005,0.04290052869710142,0.011636837438752552,0.011041631389778317,0.2610613831383347,0.060318664048954695,0.059274603288330174
Oryza alta,C3 perennial herbaceous,0.112,17.45,0.263,,74.1,0.25,40,62.98499999999999,288.6,3.6100344335711325,0.07019308125502814,0.263,0.022400000000000003,0.05260000000000001,0.7220068867142265,0.15276392203907466,0.044144019551009564,0.04239855594858705,0.1988646096340507,0.0407699992376519,0.04178929268026621
Oryza australiensis,C3 perennial herbaceous,0.204,22.45,0.244,,125.3,0.28,40,106.505,259.2,2.391093198012254,0.10241788321167883,0.244,0.0408,0.0488,0.4782186396024508,0.21675679789723484,0.06269689771577072,0.06414696064504838,0.2974771913903242,0.06848006480405441,0.061663540595156996
Oryza australiensis,C3 perennial herbaceous,0.369,22.3,0.181,,115.6,0.234,40,98.25999999999999,226.6,2.16594571133091,0.11950696677384781,0.181,0.0738,0.0362,0.433189142266182,0.173361863206333,0.045248427160634735,0.0484973666784185,0.35026820783813556,0.10493640368207324,0.11522265105752866
Oryza barthii,C3 annual herbaceous,0.103,21.64,0.221,,91.5,0.204,40,77.77499999999999,257.6,2.38560544313157,0.0994485294117647,0.221,0.0206,0.0442,0.477121088626314,0.19597848380561755,0.054400809152874346,0.054505277836588095,0.295736151824668,0.04573642108799142,0.050360292130668505
Oryza brachyantha,C3 annual herbaceous,0.045,9.65,0.124,,57.8,0.158,40,49.129999999999995,302.3,2.924952328122084,0.03678993518871521,0.124,0.009,0.024800000000000003,0.5849904656244168,0.08845295937146591,0.02530039778540108,0.0233338531441825,0.1591403510852328,0.025451239494458044,0.026159354976236227
Oryza coarctata,C3 perennial herbaceous,0.034,10.51,0.082,,113.1,0.215,40,96.13499999999999,238.6,2.0340676773983555,0.052920443101711984,0.082,0.0068000000000000005,0.0164,0.40681353547967114,0.08375424545772665,0.02242590975810351,0.023089459183404062,0.23095477249823243,0.026269633448530172,0.02493909992551424
Oryza glaberrima,C3 annual herbaceous,0.266,27.09,0.232,,85.2,0.207,40,72.42,264.6,2.599682402169836,0.12061442564559215,0.232,0.053200000000000004,0.046400000000000004,0.5199364804339672,0.18380206814165764,0.04832041241407145,0.04409598301967951,0.30981970504201384,0.07363430381559996,0.07530349336064035
Oryza glaberrima,C3 annual herbaceous,0.238,27.09,0.232,,85.2,0.207,40,72.42,264.6,2.599682402169836,0.12061442564559215,0.232,0.0476,0.046400000000000004,0.5199364804339672,0.18342780780098172,0.05033428442690971,0.05179001287903931,0.31231976827679697,0.07083922053667122,0.06979039337912857
Oryza glumaepatula,C3 perennial herbaceous,0.219,25.82,0.286,,72.1,0.187,40,61.285,257.6,2.7752102155708798,0.11865808823529411,0.286,0.043800000000000006,0.0572,0.5550420431141759,0.21340234340852596,0.05885167126893087,0.05881941295315893,0.2973930726157337,0.0652845968498601,0.06435905190214691
Oryza glumaepatula,C3 perennial herbaceous,0.274,25.82,0.286,,72.1,0.187,40,61.285,257.6,2.7752102155708798,0.11865808823529411,0.286,0.05480000000000001,0.0572,0.5550420431141759,0.21622505079355714,0.05621214660926249,0.05553172096477088,0.2928571148052538,0.0727540871240111,0.07365130450473178
Oryza latifolia,C3 perennial herbaceous,0.115,16.42,0.156,,97.9,0.26,40,83.215,255.2,2.8417129069328473,0.0763011152416357,0.156,0.023000000000000003,0.031200000000000002,0.5683425813865695,0.11426219328973901,0.03017565068242442,0.031182238200437987,0.23712614287277112,0.04226149056940623,0.044395683310969936
Oryza longistaminata,C3 perennial herbaceous,0.242,23.97,0.245,,80.9,0.172,40,68.765,253.3,2.2749374963041182,0.11237693389592122,0.245,0.0484,0.049,0.45498749926082366,0.22228689439836388,0.060204600168417416,0.06162210550926103,0.3153289031583432,0.07388920118757819,0.07505062517233213
Oryza meridionalis,C3 annual herbaceous,0.244,22.1,0.271,,67.4,0.227,40,57.290000000000006,270.4,3.6037570443186904,0.09592013888888891,0.271,0.0488,0.054200000000000005,0.7207514088637381,0.16037969783794598,0.043551495483339184,0.03996287755485653,0.23048089651739237,0.06537438020869857,0.06505722518699966
Oryza minuta,C3 perennial herbaceous,0.137,16.75,0.164,,80.8,0.172,40,68.67999999999999,247.1,2.277753013007465,0.08087880251086432,0.164,0.027400000000000004,0.0328,0.45555060260149305,0.14520865803260358,0.04142488137865577,0.04259505662866159,0.2699894389150471,0.05192543534328842,0.05453796378324954
Oryza nivara,C3 annual herbaceous,0.108,14.78,0.231,,75.2,0.243,40,63.92,292.9,3.457625692617653,0.05844207196520364,0.231,0.0216,0.046200000000000005,0.6915251385235307,0.13812750130464746,0.038156605352734796,0.03544591958439908,0.18541855255571812,0.03766452012125815,0.039802628895737324
Oryza officinalis,C3 perennial herbaceous,0.224,21.62,0.3,,79.5,0.176,40,67.575,278.9,2.368836481452139,0.09049811636668063,0.3,0.044800000000000006,0.06,0.4737672962904278,0.25801099081167783,0.06727558387797919,0.08206633177806438,0.28175394559866745,0.08181552042272314,0.07460845318588916
Oryza punctata,C3 annual herbaceous,0.305,21.5,0.232,,74.1,0.236,40,62.98499999999999,253.3,3.4078725052911483,0.10079699953117674,0.232,0.061,0.046400000000000004,0.6815745010582297,0.1477112124100063,0.04263841573086538,0.0365462597405683,0.24960025824389606,0.0754078772305673,0.07222543596637274
Oryza rhizomatis,C3 perennial herbaceous,0.168,22.8,0.231,,116.2,0.23,40,98.77,255.9,2.117928290924365,0.10560444650301065,0.231,0.033600000000000005,0.046200000000000005,0.42358565818487304,0.2307041557634541,0.06534603126078606,0.06724797020876394,0.32271051482780877,0.056770463007711436,0.05555020431951796
Oryza rufipogon,C3 perennial herbaceous,0.322,25.56,0.283,,64.6,0.231,40,54.91,256.5,3.8262117896520387,0.11806004618937643,0.283,0.0644,0.0566,0.7652423579304077,0.1500796907492877,0.04196115172370546,0.0407486146733636,0.25483152809183474,0.074703729606273,0.07498878600703568
Oryza rufipogon,C3 perennial herbaceous,0.304,25.56,0.283,,64.6,0.231,40,54.91,256.5,3.8262117896520387,0.11806004618937643,0.283,0.0608,0.0566,0.7652423579304077,0.15446073434798374,0.04203518883205812,0.03746549531439555,0.2451668567696839,0.07851325124174066,0.07252216210311899
Oryza sativa,C3 annual herbaceous,0.245,25.56,0.357,,67.1,0.168,40,57.035,275.1,2.6790221553883944,0.10871969374734154,0.357,0.049,0.0714,0.5358044310776789,0.2763394594953202,0.0779482445430375,0.07149420324329919,0.28875582110585835,0.07342897674270044,0.07121341474634174
Oryza sativa,C3 annual herbaceous,0.228,25.56,0.357,,67.1,0.168,40,57.035,275.1,2.6790221553883944,0.10871969374734154,0.357,0.0456,0.0714,0.5358044310776789,0.27712578090781403,0.07875701945667801,0.0777925669213066,0.2807587070381887,0.06928317517665011,0.06816303090203446
Oryza sativa,C3 annual herbaceous,0.525,28.75,0.247,,109.6,0.175,40,93.16,250.8,1.7085080845742209,0.13638519924098672,0.247,0.10500000000000001,0.0494,0.3417016169148442,0.3041366533121126,0.08171377968211302,0.06888260909546429,0.4297173802392915,0.1553673722173297,0.1587787455552434
Oryza sativa,C3 annual herbaceous,0.129,16.2,0.131,,184.2,0.204,40,156.57,236.33587786259542,1.185032019796627,0.08251166407465008,0.131,0.025800000000000003,0.0262,0.23700640395932543,0.23413853951572566,0.0639841932942336,0.06480052438887618,0.38958646298926536,0.08252557193327026,0.08125866526338571
Oryza sativa,C3 annual herbaceous,0.131,21.4,0.288,,81.8,0.236,40,69.53,305.0,3.0870825506366026,0.08075471698113207,0.288,0.0262,0.0576,0.6174165101273206,0.19146951283602756,0.055774595956513406,0.05049330738207,0.23278585672345942,0.0432687752457962,0.04803354747029931
Oryza sativa,C3 annual herbaceous,0.222,25.7,0.208,,200.0,0.173,40,170.0,236.44230769230768,0.9255622882855683,0.1308272148800783,0.208,0.0444,0.0416,0.18511245765711368,0.4637719369889029,0.12747844569888778,0.1133265158715196,0.5618823173401163,0.12324000801582152,0.12073049065850239
Oryza sativa,C3 annual herbaceous,0.189,29.3,0.289,,350.0,0.183,40,297.5,258.61591695501727,0.5594645706234814,0.13402500791389682,0.289,0.0378,0.0578,0.11189291412469629,1.0936866654305284,0.3106479378540129,0.29250598558862784,0.7552181533271803,0.15643307907398052,0.1542870756702176
Oryza sativa,C3 annual herbaceous,0.279,29.8,0.303,,170.0,0.177,40,144.5,261.65016501650166,1.1140736145973857,0.13444609886837403,0.303,0.05580000000000001,0.0606,0.22281472291947715,0.5568493671085935,0.16429847756810068,0.15886098171431784,0.516328106307232,0.12540814035622733,0.1332414297340625
Oryza sativa,C3 annual herbaceous,0.222,18.1,0.123,,200.0,0.151,40,170.0,212.84552845528455,0.807860725613415,0.10471777986829728,0.123,0.0444,0.0246,0.16157214512268303,0.31759478552641046,0.08769859922946172,0.08514556402636164,0.5423250960975504,0.14341289526589757,0.14763107088743765
Oryza sativa,C3 annual herbaceous,0.254,28.1,0.288,,190.0,0.248,40,161.5,262.43055555555554,1.3966501216599998,0.12633156415860133,0.288,0.050800000000000005,0.0576,0.279330024332,0.43533714245628624,0.11905223162440132,0.12111343546493719,0.4393057791395302,0.11168069062104474,0.10583540620152276
Oryza sativa,C3 annual herbaceous,0.172,28.0,0.217,,190.0,0.182,40,161.5,230.96774193548387,1.0249609763795158,0.14662162162162162,0.217,0.0344,0.0434,0.20499219527590318,0.4429910385916664,0.12081159391814039,0.11888117677591564,0.5698356519568297,0.09226400444532884,0.0937780261140645
Oryza sativa,C3 annual herbaceous,0.23,30.8,0.303,,290.0,0.188,40,246.5,258.34983498349834,0.6936643818923135,0.14105804111245465,0.303,0.046000000000000006,0.0606,0.1387328763784627,0.909085240610713,0.25971836403425463,0.25022087795939063,0.689193441919706,0.1510628022975049,0.14889521882430423
Oryza sativa,C3 annual herbaceous,0.148,22.3,0.235,,330.0,0.203,40,280.5,265.1063829787234,0.6582208601225097,0.09906427221172023,0.235,0.0296,0.047,0.13164417202450193,0.7408044170669924,0.21459371201232902,0.19972265406721101,0.5875249344898096,0.1234051355962757,0.12246144438046236
Oryza sativa,C3 annual herbaceous,0.109,13.3,0.15,80.0,90.8,0.153,40,80.0,267.0,1.739441843808355,0.05859030837004406,0.15,0.0218,0.03,0.347888368761671,0.17591853778869032,0.04822677589167321,0.04596171946522748,0.2619048615411492,0.05384536864720044,0.05740261426995741
Oryza sativa,C3 annual herbaceous,0.241,37.4,0.668,123.0,,0.22,40,123.0,304.0119760479042,1.6267695653874832,0.14166024041732816,0.668,0.0482,0.13360000000000002,0.32535391307749667,0.8804450752395471,0.2533289322117198,0.2241629707861067,0.4319587468213392,0.08259443167713859,0.08505806741552863
Oryza sativa,C3 annual herbaceous,0.193,17.3,0.33,43.0,,0.26,40,43.0,290.0,5.499375338381788,0.0692,0.33,0.0386,0.066,1.0998750676763576,0.12447987173864201,0.03797104790509573,0.033478663154853414,0.16209158255317663,0.04562296088568661,0.04754183694235614
Paphiopedilum armeniacum,C3 perennial herbaceous,0.02,2.95,0.05,526.3,910.1,0.19,40,526.3,269.9,0.3283437094562856,0.012831665941713791,0.05,0.004,0.010000000000000002,0.06566874189125713,0.3250978351527172,0.09848139960367033,0.0949726127727139,0.2824929489030357,0.057434568234579986,0.05592003530961959
Paphiopedilum dianthum,C3 perennial herbaceous,0.01,1.94,0.03,664.6,1205.0,0.23,40,664.6,243.5,0.314757413925067,0.009533169533169532,0.03,0.002,0.006,0.0629514827850134,0.19942552890236975,0.05770534451786108,0.05555326322605436,0.2541964252595065,0.03735528987030684,0.03829702021060655
Paphiopedilum micranthum,C3 perennial herbaceous,0.02,3.43,0.05,770.6,1072.0,0.23,40,770.6,262.9,0.27146091006306716,0.015388066397487665,0.05,0.004,0.010000000000000002,0.05429218201261343,0.3873968856198047,0.11125404580026532,0.11344322381104754,0.3468240125146335,0.05887354977040393,0.054213968635164256
Phillyrea latifolia,evergreen angiosperms,0.094,9.87,0.071,160.2,,0.157,40,160.2,211.0,0.8913445431051438,0.05771929824561403,0.071,0.0188,0.014199999999999999,0.17826890862102876,0.16874840541236089,0.04917193018695597,0.04685361682659589,0.36946070079667154,0.0795750545199187,0.07617157428870774
Picea abies,evergreen gymnosperms,0.063,6.9,0.053,439.0,477.9,0.18,40,439.0,229.81132075471697,0.3729206686444282,0.03635188866799205,0.053,0.0126,0.0106,0.07458413372888564,0.29969724643936446,0.08335026709013255,0.07036419128669741,0.4701091725815869,0.10016064306836109,0.1035596312967827
Picea abies,evergreen gymnosperms,0.069,6.9,0.053,439.0,477.9,0.18,40,439.0,229.81132075471697,0.3729206686444282,0.03635188866799205,0.053,0.013800000000000002,0.0106,0.07458413372888564,0.29865629522988435,0.08506568966514869,0.0802354272703073,0.45785605023692516,0.10778624939642645,0.09895756951470963
Picea glauca,evergreen gymnosperms,0.049,7.6,0.056,528.0,567.0,0.172,40,528.0,245.0,0.2962804487374104,0.037073170731707315,0.056,0.009800000000000001,0.011200000000000002,0.05925608974748208,0.3997515869649984,0.11647373938776578,0.11413877056588534,0.5221612866032345,0.09876112980819918,0.0948288568440212
Pinus sylvestris,evergreen gymnosperms,0.124,11.01,0.084,415.5,447.3,0.21,40,415.5,228.92857142857144,0.45968119323879975,0.05827599243856332,0.084,0.024800000000000003,0.016800000000000002,0.09193623864775996,0.3752252454563798,0.09629048418668729,0.09845553986953759,0.5303962754892881,0.13491276605025326,0.12324202751405766
Pinus sylvestris,evergreen gymnosperms,0.127,11.01,0.084,415.5,447.3,0.21,40,415.5,228.92857142857144,0.45968119323879975,0.05827599243856332,0.084,0.025400000000000002,0.016800000000000002,0.09193623864775996,0.3867398175392527,0.10910080550289497,0.10528917896658091,0.5236680867981447,0.1325512937693349,0.14193703185861006
Podocarpus alpinus,evergreen gymnosperms,0.022,7.38,0.057,393.9,442.3,0.223,40,393.9,230.5263157894737,0.5149052875558319,0.03873480662983425,0.057,0.0044,0.0114,0.10298105751116637,0.2346349796080725,0.06261958751218805,0.056289933654980806,0.4049777028855241,0.04932696619488619,0.049720597198697036
Podocarpus alpinus,evergreen gymnosperms,0.02,7.38,0.057,393.9,442.3,0.223,40,393.9,230.5263157894737,0.5149052875558319,0.03873480662983425,0.057,0.004,0.0114,0.10298105751116637,0.234573977925858,0.0658972559551132,0.0675960470117219,0.4087084076765772,0.05439983775657514,0.05303927055550339
Podocarpus nivalis,evergreen gymnosperms,0.017,6.86,0.057,376.3,431.7,0.26,40,376.3,239.64912280701753,0.6284165281701218,0.03436028119507909,0.057,0.0034000000000000002,0.0114,0.12568330563402438,0.19177654978652162,0.05878884287969105,0.05794573391262564,0.3429608315506545,0.03941530568495555,0.040484140343764186
Podocarpus nivalis,evergreen gymnosperms,0.026,6.86,0.057,376.3,431.7,0.26,40,376.3,239.64912280701753,0.6284165281701218,0.03436028119507909,0.057,0.0052,0.0114,0.12568330563402438,0.19327333429032856,0.054886365361822204,0.05106841318765931,0.34150401161463584,0.04332564740124456,0.04354728451480605
Populus tremula,deciduous angiosperms,0.488,27.73,0.242,194.6,216.8,0.303,40,194.6,245.3,1.416146756339954,0.1350706283487579,0.242,0.0976,0.0484,0.2832293512679908,0.3650770097333756,0.09431710210589034,0.09523416779933525,0.47346389628019503,0.16945839956877512,0.1528212803942739
Prunus persica,deciduous angiosperms,0.355,30.1,0.32,160.0,189.0,0.46,40,160.0,207.8,2.6148472161824943,0.17938021454112038,0.32,0.071,0.064,0.5229694432364989,0.2577750208824308,0.0708053574174006,0.07241578576544078,0.38371500173058537,0.07725969964136137,0.08506526272206133
Quercus agrifolia,evergreen angiosperms,0.029,7.6,0.135,171.0,197.0,0.27,40,171.0,303.7037037037037,1.4360716976745964,0.028820224719101124,0.135,0.0058000000000000005,0.027000000000000003,0.2872143395349193,0.2031128505084187,0.057283452499820364,0.05501414742126581,0.20299418540374428,0.031191026105115344,0.02879502957544211
Quercus chrysolepis,evergreen angiosperms,0.074,13.7,0.18,242.0,281.0,0.19,40,242.0,283.8888888888889,0.7140797284580294,0.056173120728929375,0.18,0.0148,0.036,0.14281594569160588,0.5227550497052172,0.14985447915018418,0.12719187788880104,0.41652600167817433,0.07589360670921941,0.0738308510682395
Quercus coccifera,evergreen angiosperms,0.05,12.4,0.243,195.0,231.0,0.14,40,195.0,308.97119341563786,0.6529830283443464,0.0461015911872705,0.243,0.010000000000000002,0.048600000000000004,0.1305966056688693,0.8135844241860679,0.21831786369364292,0.192117725602718,0.38643134054056166,0.05731541623154729,0.06056963750592431
Quercus coccifera,evergreen angiosperms,0.057,11.2,0.157,278.0,315.0,0.08,40,278.0,288.6624203821656,0.2617300935809816,0.04504098360655738,0.157,0.0114,0.031400000000000004,0.05234601871619632,1.2268863978493068,0.32739111252926534,0.28830721070309684,0.6279784747429465,0.11390530200350424,0.10721116575226475
Quercus faginea,deciduous angiosperms,0.098,19.6,0.408,186.0,,0.21,40,186.0,293.0,1.0268684719931254,0.07747035573122531,0.408,0.019600000000000003,0.0816,0.20537369439862507,0.8238265560987723,0.22535455705267382,0.223297559642615,0.40063019887645324,0.06407580909840727,0.061540377355252085
Quercus ilex,evergreen angiosperms,0.033,7.12,0.095,240.0,278.0,0.11,40,240.0,285.0526315789474,0.41685970113054255,0.02905498281786941,0.095,0.006600000000000001,0.019000000000000003,0.08337194022610851,0.46755712757799384,0.13448212909780782,0.11809632135932369,0.38718293750245936,0.0638393768282216,0.061406124242581295
Quercus ilex,evergreen angiosperms,0.062,11.55,0.157,221.0,251.0,0.09,40,221.0,286.4331210191083,0.3703895328843982,0.04686869992246059,0.157,0.012400000000000001,0.031400000000000004,0.07407790657687964,0.8931863302096205,0.23532302307220865,0.23437010082319054,0.5300595393806287,0.0997057561459242,0.0942102733252389
Quercus ilex,evergreen angiosperms,0.061,10.15,0.089,214.0,245.0,0.06,40,214.0,245.95505617977528,0.25500338556838625,0.049282596835788325,0.089,0.0122,0.0178,0.051000677113677256,0.7280636196910227,0.21132817963713058,0.20367918407687025,0.6713818993598794,0.12272512535055591,0.12525914502902047
Quercus ilex,evergreen angiosperms,0.039,8.0,0.101,239.0,278.0,0.11,40,239.0,280.7920792079208,0.4186038839804611,0.033223684210526315,0.101,0.0078000000000000005,0.020200000000000003,0.08372077679609223,0.4949052649478603,0.1302206373997784,0.12561899130931947,0.4158219901328895,0.0652491779200079,0.059103275058382365
Quercus ilex,evergreen angiosperms,0.031,6.45,0.085,277.0,297.0,0.07,40,277.0,284.11764705882354,0.22984059661939987,0.02642168674698795,0.085,0.006200000000000001,0.017,0.04596811932387998,0.7729839301429983,0.20823964624752755,0.20241216773675386,0.5051484174223503,0.09453183124098535,0.08840222734156866
Quercus ilex,evergreen angiosperms,0.08,15.5,0.167,291.0,348.0,0.07,40,291.0,267.18562874251495,0.21878297341434289,0.06822614654717976,0.167,0.016,0.033400000000000006,0.04375659468286858,1.6203816723701547,0.4401861124955453,0.42706078143770343,0.9053134435792156,0.17501933947821569,0.15409352769728657
Quercus ilex,evergreen angiosperms,0.061,10.17,0.082,236.0,264.0,0.2,40,236.0,235.97560975609758,0.7707729450795857,0.05189421281891723,0.082,0.0122,0.0164,0.15415458901591717,0.22076220895812457,0.0608858209319737,0.0588778518619624,0.3797880116714231,0.0611574692956644,0.058015884995722466
Quercus ilex,evergreen angiosperms,0.087,15.33,0.155,276.0,316.0,0.18,40,276.0,261.0967741935484,0.5931600490395071,0.06933615407061569,0.155,0.0174,0.031,0.11863200980790144,0.5460891364435255,0.15513277249799257,0.13989791095654058,0.5043202500526792,0.08339624971935583,0.08775859679359488
Quercus ilex,evergreen angiosperms,0.078,16.46,0.206,291.0,348.0,0.07,40,291.0,280.09708737864077,0.21878297341434289,0.0685556004852406,0.206,0.015600000000000001,0.0412,0.04375659468286858,1.972944885932318,0.536973404180082,0.545479868654154,0.8886878800677256,0.16659524889593713,0.16202891476204528
Quercus robur,deciduous angiosperms,0.06,12.9,0.158,140.0,,0.16,40,140.0,288.0,1.039442371650184,0.052016129032258066,0.158,0.012,0.0316,0.2078884743300368,0.3154792835563462,0.08695680916522361,0.08381813406581307,0.32367012090769864,0.05031696002401159,0.050669987536325956
Quercus suber,evergreen angiosperms,0.093,15.6,0.17,200.0,228.0,0.1,40,200.0,268.2352941176471,0.45475603759695554,0.06835051546391752,0.17,0.018600000000000002,0.034,0.09095120751939112,0.7838506001131293,0.20854963987471342,0.20081415647965029,0.5931938030602162,0.10886672921250634,0.11149923075912427
Quercus wislizeni,evergreen angiosperms,0.048,10.6,0.162,201.0,239.0,0.07,40,201.0,294.5679012345679,0.31674549882375014,0.04163918525703201,0.162,0.009600000000000001,0.032400000000000005,0.06334909976475003,1.0634409111984122,0.29734330565259715,0.2924461235403264,0.5425818261170025,0.09303161257547832,0.09093931349292839
Selaginella uncinata,fern allies,0.025,3.79,0.072,51.9,93.0,0.51,40,51.9,303.0,8.937401894969069,0.0144106463878327,0.072,0.005000000000000001,0.0144,1.7874803789938138,0.016543278086658182,0.004687879278565257,0.0045321074599792115,0.05679398870561389,0.010995296323966446,0.011998462562380088
Selaginella uncinata,fern allies,0.021,3.52,0.021,20.6,42.7,0.3,40,20.6,192.38095238095238,13.24532148340647,0.0231,0.021,0.004200000000000001,0.004200000000000001,2.649064296681294,0.003265186616074767,0.0009280979257706256,0.0009602285295627305,0.059833010639338415,0.007733925748002732,0.007474117149075692
Selaginella uncinata,fern allies,0.003,3.52,0.021,20.6,42.7,0.3,40,20.6,192.38095238095238,13.24532148340647,0.0231,0.021,0.0006000000000000001,0.004200000000000001,2.649064296681294,0.0033645895290229134,0.0008999105482830438,0.0009000923227225673,0.05991085475654662,0.006445704049335921,0.006091148478418455
Sequoiadendron giganteum,evergreen gymnosperms,0.076,8.7,0.095,486.0,554.0,0.241,40,486.0,292.0,0.45101318955089004,0.03452380952380952,0.095,0.0152,0.019000000000000003,0.09020263791017802,0.44518003750441903,0.12806171028773872,0.11829155762079513,0.4096074642905236,0.10864149510576504,0.09598215761837942
Solanum lycopersicum,C3 annual herbaceous,0.121,16.74,0.185,242.6,,0.165,40,242.6,269.51351351351354,0.618588179748538,0.07293688177107864,0.185,0.0242,0.037,0.1237176359497076,0.6271452880787897,0.1734902824489329,0.1714835191842521,0.5011074158366595,0.10757317998550475,0.11362344460699403
Solanum lycopersicum,C3 annual herbaceous,0.141,19.79,0.197,243.8,,0.218,40,243.8,259.5431472081218,0.8132634634629722,0.09014173410404624,0.197,0.0282,0.039400000000000004,0.16265269269259444,0.5181285096136583,0.1460335238532069,0.14391473124341714,0.49188996262081597,0.09781251952574732,0.0984586474051008
Solanum lycopersicum,C3 annual herbaceous,0.087,10.87,0.111,134.9,159.1,0.51,40,134.9,272.6,3.4384815296433997,0.04673258813413585,0.111,0.0174,0.0222,0.68769630592868,0.07007232789584074,0.019955289274950987,0.019430896821491406,0.16779736906830317,0.03228078153385483,0.03390482260551647
Solanum lycopersicum,C3 annual herbaceous,0.101,9.96,0.118,123.6,147.9,0.57,40,123.6,294.7,4.194351803078715,0.03910482921083628,0.118,0.020200000000000003,0.0236,0.838870360615743,0.05892489032018422,0.018470639668628573,0.017518765232065484,0.1319278469255696,0.03806860099766572,0.034334885924369535
Taxus baccata,evergreen gymnosperms,0.104,9.2,0.062,434.0,469.0,0.412,40,434.0,231.0,0.8634077764513625,0.048167539267015703,0.062,0.0208,0.012400000000000001,0.17268155529027251,0.14874035970466995,0.041373238511779015,0.04173842467408162,0.3409974710064113,0.08138687610490891,0.07784328830212545
Taxus baccata,evergreen gymnosperms,0.03,7.76,0.057,608.4,689.0,0.3,40,608.4,223.859649122807,0.44847735463210603,0.04220610687022901,0.057,0.006,0.0114,0.08969547092642122,0.2651759061075055,0.07396749442836328,0.06693198532746647,0.45569711821449393,0.0629279863377139,0.058717943119850846
Taxus baccata,evergreen gymnosperms,0.026,7.76,0.057,608.4,689.0,0.3,40,608.4,223.859649122807,0.44847735463210603,0.04220610687022901,0.057,0.0052,0.0114,0.08969547092642122,0.26331486689761696,0.06767475145877835,0.08021570361432157,0.4585882380546638,0.057091826227785136,0.05462884486642666
Taxus cuspidata,evergreen gymnosperms,0.086,8.0,0.056,472.0,647.0,0.36,40,472.0,236.0,0.6936956505716271,0.04081632653061224,0.056,0.0172,0.011200000000000002,0.13873913011432543,0.16983739878160914,0.04506609869388159,0.03962022803652687,0.3550714024900658,0.08212391651293216,0.0796187780857629
Thuja plicata,evergreen gymnosperms,0.062,7.4,0.055,685.0,767.0,0.307,40,685.0,247.0,0.4076207402693878,0.035748792270531404,0.055,0.012400000000000001,0.011000000000000001,0.08152414805387757,0.27874585402776064,0.07630145983048253,0.07359262971840336,0.4357752080845829,0.09238430933696345,0.09593193177747428
Triticum aestivum,C3 annual herbaceous,0.219,18.3,0.146,,202.2,0.215,40,171.86999999999998,234.65753424657532,1.137750021334095,0.09401125967628432,0.146,0.043800000000000006,0.0292,0.227550004266819,0.26894681518265534,0.07367849110675692,0.0755422250589739,0.4199359920266405,0.1069631964157644,0.10001749148449318
Vitis vinifera,deciduous angiosperms,0.114,11.9,0.174,138.8,163.9,0.134,40,138.8,291.60919540229884,0.8780592080402311,0.04729556875285519,0.174,0.0228,0.0348,0.17561184160804622,0.4136080948079123,0.11681507926443258,0.11090664179430099,0.33848116579464205,0.08278699787271676,0.08535231243682245
Vitis vinifera,deciduous angiosperms,0.106,17.14,0.175,117.8,153.1,0.2,40,117.8,262.0571428571428,1.544163115779136,0.0771873391662378,0.175,0.0212,0.034999999999999996,0.3088326231558272,0.23250853213854691,0.06101049059319963,0.06480819869822849,0.32691703865961574,0.06197813907963523,0.06010343169953858
Vitis vinifera,deciduous angiosperms,0.155,17.79,0.174,135.4,167.1,0.279,40,135.4,257.7586206896552,1.8741053838929185,0.08169596199524941,0.174,0.031,0.0348,0.37482107677858373,0.1932424152279862,0.053900976506105674,0.05419983954609092,0.29699664368784595,0.06730077706236007,0.07207162295956182
Vitis vinifera,deciduous angiosperms,0.182,15.27,0.137,166.0,189.5,0.325,40,166.0,248.54014598540147,1.780671231554344,0.07322331116555827,0.137,0.0364,0.027400000000000004,0.3561342463108688,0.16046386737313054,0.04640492548448119,0.04373251389123661,0.29433957358626184,0.07968348428548716,0.07966408834346284
Vitis vinifera,deciduous angiosperms,0.13,15.02,0.151,129.5,173.0,0.219,40,129.5,260.5298013245033,1.5380937796715561,0.0681087087087087,0.151,0.026000000000000002,0.0302,0.30761875593431126,0.20334765346804382,0.05583763807269532,0.05035638827514796,0.3025703496417534,0.07268061728148992,0.06728188216665587
Vitis vinifera,deciduous angiosperms,0.14,18.33,0.189,124.5,150.6,0.266,40,124.5,263.015873015873,1.943214554229561,0.08219145907473309,0.189,0.028000000000000004,0.0378,0.3886429108459122,0.2064715139682953,0.05474825262949104,0.05146708141641035,0.29821681829408114,0.05721359472311954,0.05797454043180561
Vitis vinifera,deciduous angiosperms,0.09,13.57,0.19,127.1,150.3,0.13,40,127.1,288.57894736842104,0.9302641209693818,0.05459030277366081,0.19,0.018,0.038000000000000006,0.18605282419387636,0.4342056441463139,0.11704360642214928,0.10964881310037444,0.3453367005412127,0.07416186192884622,0.07211059682070525
Vitis vinifera,deciduous angiosperms,0.107,14.37,0.141,130.6,162.6,0.216,40,130.6,258.0851063829787,1.5042466174723184,0.06589170731707317,0.141,0.021400000000000002,0.0282,0.3008493234944637,0.197864104610886,0.05944902247451653,0.054853660936201254,0.30322312588466993,0.06007629207480167,0.06277506265339328
Vitis vinifera,deciduous angiosperms,0.108,14.74,0.146,128.0,158.8,0.159,40,128.0,259.04109589041093,1.1297845309049364,0.06729330831769857,0.146,0.0216,0.0292,0.2259569061809873,0.2681925446880268,0.07563050704259291,0.0729700015139843,0.3524524154586692,0.07304767174339621,0.07125460753761481
Vitis vinifera,deciduous angiosperms,0.111,14.73,0.138,142.6,167.6,0.24,40,142.6,253.26086956521738,1.5307356104245344,0.06907033639143731,0.138,0.0222,0.027600000000000003,0.3061471220849069,0.18737246219630063,0.05061823947151048,0.049841380063395446,0.30588048945086427,0.06086834023692336,0.05959700122472977
Ziziphus spina-christi,evergreen angiosperms,0.065,14.6,0.143,,160.6,0.128,40,136.51,257.9020979020979,0.8528133149572972,0.06700256739409499,0.143,0.013000000000000001,0.0286,0.17056266299145945,0.3442843120164429,0.09046346056462157,0.08782263614962688,0.41629146974499553,0.06193023223682359,0.060567754318826494
